Word,LED,Wiki,mBART,mT5,YandexGPT (Few-shot),Cohere-Aya (Few-shot),Actor-critic,t-lite-0.1 (CoT)
лифт,"1. ЛИФТ, -а; м. [англ. lift]. Подъёмная машина в многоэтажных домах, шахтах и т.п. Скоростной л. Грузовой л. Спускаться, подниматься на лифте. Вызывать л. Социальные лифты. Система социальных механизмов, обеспечивающих перемещение индивида из одного социального слоя (класса, группы) в другой. Лифтовый, -ая, -ое. Л-ая кабина. Л-ая шахта.","1. Подъёмная машина для вертикального перемещения людей и грузов
  2. Поднятие, придание более высокого положения",1. Устройство для подъёма и подъёма воды из водохранилища 2. Устройство для подъёма и подъёма жидкостей и сыпучих тел 3. Устройство для подъёма и подъёма жидкостей и сыпучих тел,"1. В переносном значении, , сильное, солнечное излучение, воздействие 2. Электрический прибор, при котором подвижные поверхности перемещаются через кустарниковый (для транспортировки) источников в пространстве 3. Небольшое помещение или устройство для удерживания пассажирских или грузовых частей 4. В перенос","Лифт — устройство для вертикального перемещения людей и грузов в многоэтажных зданиях, кабину которого перемещают направляющие.",1. Устройство для вертикального перемещения людей и грузов.,1. Устройство для подъема и спуска людей и грузов.,"1. Подъёмная машина, предназначенная для вертикального перемещения людей и грузов между этажами зданий, особенно в многоэтажных домах.
 2. Средство, которое придаёт более высокое положение чему-либо, например, подвеске или кузову автомобиля."
берег,"1. БЕРЕГ, -а; предлож. о береге, на берегу; мн. берега, -ов; м.
  2. Край суши, прилегающий к водоёму. Б. реки, озера, моря. Крутой, пологий б. Идти, ехать берегом (по суше вдоль реки, озера, моря и т.п.). / обычно мн.: берега, -ов. чего или какие. (с названием реки, моря или страны, края и т.п.). О местности (населённых пунктах, странах и т.п.), расположенных у моря или реки. Приехать с берегов Баренцева моря. Жил и учился на берегах Невы. Родной б.; берега отчизны (высок.; о родине).
  3. Морск. Суша, земля, материк (в противоположность морю, кораблю). Списаться на б.; жить на берегу (перестать плавать; о моряках). Войти в свои берега (см. Войти). Выйти из берегов (см. Выйти). Молочные реки и кисельные берега (см. Молочный). Прибиться, пристать к (какому-л.) берегу. Найти своё место в жизни; определиться, устроиться. Бережок, -жка, предлож. о бережке, на бережку; м. Ласк. Береговой, -ая, -ое. Б-ая линия. Б-ые посёлки. Б. ветер (дующий ночью с берега на море). Б-ые воды (прибрежные территориальные воды). Б-ые службы (портовые). Б-ая артиллерия, батарея (морская артиллерия для обороны побережья).","1. Линия границы между водой и сушей, а также полоса суши в непосредственной близости от этой линии
  2. Обобщающее наименование суши как противопоставление морю","1. Устаревшее слово, берег","1. Жаргонное слово, берег, река","Берег — это узкая полоса земли, которая примыкает к водоёму, например, к морю, озеру, реке или океану.","1. Линия, разделяющая воду и сушу, а также прилегающая к ней полоса суши.","1. Линия, разделяющая воду и сушу, и прилегающая к ней полоса суши.","1. Линия границы между водой и сушей, полоса суши у водоема.
 2. Суша в противоположность морю.
 3. Край суши, прилегающий к водоему.
 4. Найти свое место, определиться, особенно в жизни.
 5. Местность у реки, озера, моря.
 6. Земля, материк.
 7. Прекратить плавание.
 8. Прибрежные территориальные воды, портовые территории.
 9. Морская артиллерия для защиты побережья."
буква,"1. БУКВА, -ы; ж.
  2. Разг. Графический знак в составе алфавита, обычно соответствующий определённому звуку. Строчная, прописная б. Русские, латинские буквы. Выучил все буквы (весь алфавит). / Разг. О звуке, обозначаемом этим знаком. Произнесите свою фамилию по буквам. Не выговаривает букву ""р"".
  3. только ед.; чего. Внешняя, формальная сторона (в противоположность смыслу, содержанию). Передать в переводе дух, а не букву оригинала. Важен смысл, а не б. чего-л. Следовать букве закона, устава, приказа (точно, нередко формально выполнять). Отступать от буквы закона, устава, приказа (допускать отклонение, нарушать его). Быть (оставаться) мёртвой буквой. Быть, оставаться без практического применения в жизни (о законе, постановлении и т.п.). Послать на три буквы кого. Грязно обругав, отказать в чём-л. С большой буквы кто-что (см. Большой). Буква в букву, в зн. нареч. Точно, дословно. Передать чьи-л. слова буква в букву. Буковка, -и; мн. род. -вок, дат. -вкам; ж. Уменьш.-ласк. (1 зн.). Буковку пропустил. Буквочка, -и; мн. род. -чек, дат. -чкам; ж. Уменьш.-ласк. (1 зн.). Буквенный, -ая, -ое (1 зн.). Б-ое обозначение.","1. Графический знак, часть азбуки, алфавита
  2. Переносное значение: с род. п. прямой, явно прописанный смысл какого-либо официального документа, закона","1. Устаревшее слово, буква","1. Уменьшительное к слову ""буква""","Буква — это графический символ, используемый в письменности для обозначения определённого звука или фонемы.","1. Графический символ, входящий в состав алфавита.","1. Графический символ, входящий в алфавит.","1. Графический знак, представляющий звук или группу звуков, часть алфавита или азбуки.
 2. Официальное, прямое и четкое выражение чего-либо, например, закона или правила.
 3. В переносном смысле, внешняя форма или какая-либо конкретная, явно прописанная деталь.
 4. Соответствующий определенному буквальному смыслу или букве в букве."
бульон,"1. БУЛЬОН, -а (-у); м. [франц. bouillon]. Мясной отвар (используется как самостоятельное блюдо или основа для приготовления супов, щей и т.п.). Мясной, куриный б. Заправить б. зеленью и овощами. Сварить на бульоне борщ. Бульонный, -ая, -ое. Б-ая чашка (предназначенная для бульона). Б-ые кубики (высушенный и спрессованный в виде брусочков концентрат такого отвара). Бульончик, -а; м. Ласк. Бульончик-то неважнецкий. Хотите бульончику? - Не откажусь.","1. Мясной отвар, употребляемый как первое блюдо или служащий основой для приготовления различных супов или соусов
  2. Отвар, полученный при варке грибов, овощей","1. Устаревшее слово, бульон",1. Житель или уроженец села бурацин (крупный город),"Бульон — жидкий навар из мяса, рыбы или овощей.","1. Мясной или овощной отвар, используемый как основа для супов или соусов.",1. Мясной или овощной отвар для супов и соусов.,"1. Мясной или грибной отвар, используемый как самостоятельное блюдо или в качестве основы для приготовления супов и соусов.
 2. Концентрированный бульон в виде брусочков, полученный из отвара и высушенный."
водопад,"1. ВОДОПАД, -а; м. Поток воды, стремительно падающий с отвесного уступа. Горный в.","1. Поток воды, стремительно падающий с отвесного уступа в русле реки, ручья","1. Устаревшее слово,","1. Припад вод, происходящий с утратой атмосферного давления в водоёмах","Водопад — поток воды, который стремительно падает с высоты.","1. Поток воды, стремительно низвергающийся с крутого обрыва в реке или ручье.","1. Поток воды, стремительно падающий с крутого обрыва в реке или ручье.","1. Поток воды, стремительно падающий с высокого уступа, обычно в луче реки или ручья."
добро,"1. ДОБРО см. Добрый.
  2. ДОБРО, -а; ср.
  3. Всё хорошее, положительное, направленное на благо (противоп.: зло). Д. побеждает зло. Д. торжествует над злом. От завистливого человека добра не жди. Желать добра кому-л. Не к добру (о чём-л., предвещающем беду, несчастье). Быть, находиться за пределами добра и зла (о чём-л., что не вмещается в эти понятия). * От добра добра не ищут (Посл.). Нет худа без добра (Посл.). // Хорошее, доброе дело, поступок. Делать д. Помнить д. Отплатить добром за зло.
  4. собир. Разг. Вещи, имущество, скарб. Добра наживать. Уложить всё д. в повозку. Своё, чужое д. Много добра (у кого-л.).
  5. Пренебр. О чём-л. плохом, негодном, ненужном. Этого (такого) добра и даром не надо. Добро пожаловать! Приветствие гостю, участникам чего-л., прибывшим куда-л. Добро пожаловать на наш праздник! Дать (получить) добро (на что). Дать, получить разрешение, согласие на что-л. Дать д. на вылет. Хирург просил у главврача разрешения на операцию и получил добро. Добром, нареч. Разг.
  6. По-хорошему. Кончить дело д. Поминать кого-л. д.
  7. По своей воле, без принуждения. Д. отдай. Добришко, -а; ср. Пренебр. (2-3 зн.).
  8. ДОБРО. I. нареч., в функц. безл. сказ. Разг. Положительная оценка какой-л. ситуации, какого-л. действия; хорошо (
  9. Х., 3 зн.). Ты уже всё сделал, ну и д. II. частица. Нар.-разг. Употр. при подтверждении, одобрении чего-л., согласии с чем-л.; ладно, пусть будет так. Д.! сделаю всё, что ты просишь. Добро бы; добро б, в зн. союза. Разг. Выражает условно предположительное допущение; если бы, пусть бы. Добро бы ещё слышал что-нибудь, а то совсем глухой стал. Добро бы важная персона, а то грузчик простой!
  10. ДОБРО.., первая часть сложных слов. Вносит зн. сл.: добрый. Добросердечие, добропорядочность, доброезжий.","1. Хорошее, положительное начало; противоположность злу
  2. Вещи, имущество","1. Устаревшее слово, доброе, доброжелательное отношение к кому-либо, чему-либо 2. Устаревшее слово, доброжелательное отношение к кому-либо, чему-либо","1. Устаревшее слово, добро; добро","Добро — нечто положительное, хорошее, полезное; противоположное злу.","1. Хорошее, положительное начало, противоположное злу.","1. Хорошее, положительное начало, противоположное злу.","1. Хорошее, положительное, противоположное злу.
 2. Вещи, имущество, что обладает качествами доброты и полезности."
кабак,"1. КАБАК, -а; м.
  2. В России до 1917 года: питейное заведение низшего разряда. Зайти в к. Сидеть в кабаке. Послать в к. за водкой. // Разг.-сниж. О ресторане, баре и т.п. Шляться по кабакам.
  3. Разг.-сниж. О чём-л., напоминающем обстановку такого заведения беспорядком, нечистотой, шумом и т.п. Устроили из дома к. Кабацкий (см.).","1. Устаревшее: питейное заведение
  2. Переносное значение: место, заведение, где продают и распивают спиртные напитки; бар, ресторан, пивная, рюмочная и т. п
  3. Переносное значение: беспорядок","1. Устаревшее слово, , кабак","1. Человек, влюблённый на кабак 2. Группа млекопитающих, живших на кабака 3. Устаревшее слово, тот, кто устраивает какое-либо изделие 4. Уменьшительно-ласкательное к слову ""кабак""","Кабак — это заведение, обычно с продажей алкогольных напитков, которое служит местом общественного питания и отдыха.","1. Устаревшее: заведение для распития алкоголя.
 2. Современное: место, где продают и употребляют спиртные напитки, например, бар, ресторан или пивная.
 3. Переносное значение: состояние хаоса, беспорядок.","1. Устаревшее: заведение для питья алкоголя.
 2. Современное: место для продажи и употребления спиртных напитков (например, бар, ресторан).
 3. Переносное: беспорядочная ситуация.","1. Устаревшее слово, обозначающее питейное заведение низшего класса.
 2. В переносном смысле – бар, ресторан или другое заведение, где продают и распивают спиртные напитки.
 3. Обстановка такого заведения: беспорядок, нечистота, шум.
 4. Долговое обязательство, приводящее заемщика в зависимость от кредитора.
 5. Личное закрепощение в результате неуплаты долга.
 6. Тяжелая экономическая зависимость."
божество,"1. БОЖЕСТВО, -а; ср. =Бог (2-5 зн.). Языческие божества. Шопен - моё б.!","1. В античной мифологии и в некоторых формах религии: одно из сверхъестественных существ, управляющее какой-либо частью мирового целого, влияющее на ту или иную сторону жизни; бог
  2. Переносное значение: могущественный человек, обладающий властью над другими людьми
  3. Переносное значение: человек необычайной творческой одарённости
  4. Переносное значение: тот, кому поклоняются, кем восхищаются; кумир","1. Устаревшее слово, божество","1. Большой, небольшой человек","Божество — сверхъестественное высшее существо, объект поклонения, почитания или обожания.","1. В мифологии и религии: существо, управляющее определённой частью мира и влияющее на жизнь; бог.
 2. Переносное значение: человек с огромной властью.
 3. Переносное значение: выдающийся творец.
 4. Переносное значение: тот, кто вызывает поклонение и восхищение.","1. В мифологии и религии: существо, управляющее миром и влияющее на жизнь; бог.
 2. Переносное значение: человек с большой властью.
 3. Переносное значение: выдающийся творец.
 4. Переносное значение: тот, кто вызывает поклонение и восхищение.","1. Сверхъестественное существо, обладающее властью и влиянием над определёнными аспектами мира, часто ассоциируемое с богами в религиозных верованиях.
 2. Могущественный человек, обладающий значительной властью или влиянием.
 3. В переносном смысле, человек с необычайным талантом или творческой способностью.
 4. Объект поклонения и восхищения, кумир."
социалист,"1. СОЦИАЛИСТ, -а; м. Последователь социализма (2 зн.); член социал-демократической партии. Левые социалисты. Правые социалисты. Социалисты-революционеры. Социалистка, -и; мн. род. -ток, дат. -ткам; ж.","1. Приверженец социализма; как правило, — член какой-либо из социалистических партий или групп",1. Приверженец социализма,"1. Совокупность социалистических групп (группа) 2. Лицо, существовавшее при социализме","Социалист — приверженец социализма, социально-экономического учения, в котором общественный строй основан на общественной собственности, а также идеологической концепции, полагающей, что главным принципом общества является социальная справедливость, свобода и равенство.",1. Приверженец социалистических идей и член соответствующей партии или движения.,1. Приверженец социализма и член его партии.,"1. Приверженец социалистических идей и принципов.
 2. Член партии или группы, выступающей за социальную справедливость и общественную собственность.
 3. Последователь социализма, который стремится к созданию общества с равным распределением богатства и власти."
качаться,"1. КАЧАТЬСЯ, -аюсь, -аешься; нсв.
  2. Двигаться, колебаться из стороны в сторону или сверху вниз. Мальчик качается. Лодка качается на волнах. // Совершать такое движение, находясь в гамаке, на качелях (для забавы, для отдыха и т.п.). Качаться в кресле-качалке.
  3. Пошатываться на ходу из стороны в сторону (от усталости, болезни и т.п.). Идти, качаясь.
  4. Разг. Наращивать свою мускулатуру, занимаясь культуризмом. Качнуться, -нусь, -нёшься; св. Однокр. Качание (см.).","1. Ритмично колебаться из стороны в сторону
  2. Нетвёрдо стоять, идти, бежать и т. п., наклоняясь в ту или иную сторону
  3. Шататься вследствие непрочного прикрепления к чему-либо, соединения с чем-либо
  4. Спортивное: заниматься культуризмом, силовыми упражнениями, наращивая мускулы","1. Жаргонное слово, качать","1. Кататься, качаясь во что-либо 2. Усиливаться, затягиваться 3. Постепенно опускаться куда-либо 4. В переносном значении, стать безмолвым; отходить из",Качаться — ритмично двигаться из стороны в сторону или вперёд-назад.,,"1. Ритмично двигаться из стороны в сторону.
 2. Ходить или стоять неустойчиво, наклоняясь.
 3. Шататься, если что-то плохо закреплено.
 4. Заниматься силовыми тренировками для наращивания мышц.","1. Ритмично колебаться или двигаться из стороны в сторону.
 2. Неверно стоять или шагать, наклоняясь в разные стороны.
 3. Пошатываться, особенно при ненадёжной связи с поверхностью.
 4. Заниматься физическими упражнениями для развития мышц."
вспомниться,"1. ВСПОМНИТЬСЯ, -нюсь, -нишься; св. кому. Восстановиться, возобновиться в памяти; прийти на память. Вспомнилось детство, прошлое. Вспомнился дед, отец. Вспоминаться, -аюсь, -аешься; нсв.","1. Восстановиться в сознании, прийти на память
  2. Страд. от вспомнить","1. Устаревшее слово, вспомниться","1. Понять что-либо, знать","Вспомниться — прийти на память, возникнуть в воспоминании.","1. Восстановиться в памяти, вернуться в сознание.","1. Восстановиться в памяти, вернуться в сознание.","1. Восстанавливаться в сознании, приходить на память.
 2. Страдать от воспоминания."
аргумент,"1. АРГУМЕНТ, -а; м. [лат. argumentum].
  2. Основание, довод, приводимые в подтверждение или опровержение чего-л. Убедительный а. Это не а. для кого-, чего-л. Приводить веские аргументы.
  3. Матем. Независимая переменная величина.","1. Довод, приводимый в споре или доказательстве
  2. Переносное значение: средство силового воздействия, давления на кого-либо или что-либо, используемое для достижения цели; способ убеждения
  3. Независимая переменная величина, от изменения которой зависит другая величина, называемая функцией
  4. Компьютерное: значение, передаваемое в программу или подпрограмму","1. Устаревшее слово, аргумент","1. Основной принцип, определяющий основные характеристики в некоторых литературных языках 2. Небольшой аргумент, составляющий элемент какого-либо определения","Аргумент — довод, приводимый в споре или доказательстве чего-либо.","1. Довод, приводимый в споре или доказательстве.","1. Довод, используемый в споре или доказательстве.","1. Основание или довод, используемые для подтверждения или опровержения какого-либо тезиса или мнения.
 2. Средство убеждения или воздействия, применяемое для достижения цели.
 3. В математике, независимая переменная, от изменения которой зависит другая величина.
 4. В программировании, значение или параметр, передаваемый в функцию или подпрограмму."
бухта,"1. БУХТА, -ы; ж. [нем. Bucht]. Небольшой залив (используемый для стоянки судов). Морская б. Войти в бухту (о судне). Переждать шторм в бухте. Закрытая бухта (см. Закрытый). Бухточка, -и; мн. род. -чек, дат. -чкам; ж. Уменьш.-ласк.
  2. БУХТА, -ы; ж. [голл. bocht]. Канат, трос и т.п., сложенный кругом, цилиндром или восьмёркой. Б. проволоки. Бухты пеньковых снастей. Бухтой, в зн. нареч. Уложить трос б.","1. Географическое: небольшой залив, участок водоёма, вдающийся в сушу, защищённый от ветра, открытый к морю с одной какой-либо стороны и удобный для стоянки судов","1. Устаревшее слово, бухта","1. Уменьшительно-ласкательное к слову ""бухта""","Бухта — это небольшой залив, защищённый от волн и ветра, глубоко врезающийся в сушу.","1. Географическое образование: небольшой залив, вдающийся в берег, защищённый от ветра и подходящий для стоянки кораблей.","1. Географическое место: небольшой залив, вдающийся в берег, защищённый от ветра и подходящий для стоянки судов.","1. Небольшой залив, защищённый от ветра и открытый к морю с одной стороны, удобный для стоянки судов."
мать,"1. МАТЬ, род. и дат. матери, вин. мать, тв. матерью, предлож. о матери; мн. матери, -ей; ж.
  2. Женщина по отношению к рождённым ею детям. Любовь матери. Лишиться матери. Назвать кого-л. своей матерью. Жить у матери. Хорошая, плохая м. Приёмная м. Многодетная м. М. троих детей. Пойти в мать (стать похожим на мать). Неродная мать (мачеха). М. семейства (женщина, имеющая семью, детей). Крёстная м. (=Крёстная). Посажёная м. (женщина, заменяющая мать одного из молодожёнов при свадебном обряде). // Женщина, имеющая или имевшая детей. Стать матерью. Мать-героиня (почётное звание, присваиваемое женщине, родившей и воспитавшей 10 и более детей; женщина, имеющая это звание). Мать-одиночка (женщина, воспитывающая детей без мужа).
  3. Трад.-нар. О том, что является родным, близким, дорогим, представляя собой какую-л. духовную ценность. Мать-Родина. Мать-земля русская. Волга-мать.
  4. Самка по отношению к своим детёнышам. М. оленёнка. Жеребёнок подбежал к матери.
  5. Разг. О том, от которого или в котором зарождается, образуется что-л. новое или подобное ему. Природа-мать. Мать-земля принесла новый урожай.
  6. (обычно в обращении). Фам. О женщине, жене. Тебе принести, м., воды? Пошли, м., на улицу.
  7. О жене священника или монахине (обычно присоединяется к имени или званию). М. игуменья. В чём (как) мать родила. Без одежды, голый. Всосать с молоком матери (см. Всосать). Мать честная! в зн. межд. Разг.-сниж. Выражает изумление, радость, раздражение, испуг и т.п. Показать кузькину мать кому (см. Кузькин). Материнский (см.). Материн, -а, -о.","1. Родительница, женщина по отношению к своим детям
  2. Самка по отношению к своим детёнышам
  3. Просторечное: обращение к лицу женского пола
  4. Просторечное: в обращении мужа к жене
  5. Женщина вообще
  6. Устаревшее: название монахини, а также жены духовного лица, обычно присоединяемое к имени или званию","1. Устаревшее слово, мать",1. Житель или уроженец города матери,Мать — женщина по отношению к своим детям.,"1. Родительница, женщина по отношению к своим детям
 2. Самка, воспитывающая потомство
 3. Просторечное обращение к женщине
 4. Просторечное обращение мужа к жене
 5. Женщина, мать кого-либо
 6. Устаревшее название монахини или жены священнослужителя, добавляемое к имени или званию.","1. Родительница, женщина для своих детей.
 2. Самка, воспитывающая потомство.
 3. Обращение к женщине.
 4. Обращение мужа к жене.
 5. Женщина, мать кого-либо.
 6. Устаревшее название монахини или жены священника, добавляемое к имени или званию.","1. Женщина, родительница своих детей.
 2. Самка, заботящаяся о своих детенышах.
 3. Обращение к женщине женского пола.
 4. Жена, партнер по жизни.
 5. Женщина в целом, как представитель женского пола.
 6. Устаревшее название монахини или жены духовного лица.
 7. Женщина, имеющая семью и детей, особенно с большим количеством детей.
 8. Символ родства и заботы, что-то или кто-то, имеющий духовную ценность.
 9. Исходное или образующее что-то новое.
 10. Выражает эмоциональное состояние удивления, радости или изумления."
холодно,"1. ХОЛОДНО. I. нареч. к Холодный (2, 7-8 зн.). Х. сияют звёзды. Х. улыбаться, смотреть. На земле лежать х. II. в функц. сказ.
  2. О низкой температуре воздуха (на улице или в помещении). На улице было х. В комнате стало х. и сыро.
  3. кому. Об ощущении холода, испытываемом кем-л. Тебе х.? Если х., давай укрою одеялом.
  4. Об ощущении одиночества, пустоты или безразличия, равнодушия. На душе х. Ни жарко, ни холодно кому (см. Жарко).","1. Ощущая или распространяя холод
  2. Переносное значение: крайне сдержанно в проявлении чувств; бесстрастно, безучастно, равнодушно
  3. О низкой температуре воздуха
  4. Об ощущении холода кем-нибудь
  5. Переносное значение: об ощущении одиночества, душевного холода, пустоты
  6. Переносное значение: нет, скорее неверно, чем верно, скорее неправильно, чем правильно, скорее не так, чем так
  7. Переносное значение: нет, скорее нет, чем да, скорее неверно, чем верно","1. Холодно 2. В переносном значении, , очень холодно","1. На температуре ниже 0° 2. В переносном значении, холодно, не с шумом; сильный холод 3. Жаргонное слово,",Холодно — абстрактное понятие или ощущение низкой температуры.,"Холодно – 1. Ощущение или распространение холода.
 2. Очень сдержанное проявление чувств, бесстрастность.
 3. О низкой температуре воздуха.
 4. О чувстве холода у кого-либо.
 5. О чувстве одиночества, душевной пустоты.
 6. О несоответствии, неверности.
 7. О сомнении, отрицании.","1. Ощущение холода или его распространение.
 2. Сдержанность в проявлении эмоций.
 3. Низкая температура воздуха.
 4. Чувство холода у кого-либо.
 5. Ощущение одиночества, пустоты.
 6. Несоответствие, сомнение.
 7. Отрицание, неопределенность.","1. Ощущение или состояние низких температур.
 2. Страхова или сдержанная реакция, отсутствие эмоций.
 3. Описание низких температур воздуха.
 4. Ощущение холода или одиночества, эмоциональное безразличие.
 5. В переносном смысле, отрицание или неверность чего-либо."
звезда,"1. ЗВЕЗДА, -ы, вин. -у; мн. звёзды, звёзд, звёздам; ж.
  2. Самосветящееся небесное тело, сходное по своей природе с Солнцем и видимое на ночном небе как яркая точка. Полярная з. Скопление звёзд. Сияние звёзд. Звёзды загораются, светят, мерцают. Звёзды первой, второй величины. Предсказывать судьбу по звёздам. // Символическое обозначение судьбы. Верить в свою звезду. Родиться под счастливой (несчастливой) звездой. Его з. закатилась.
  3. Небесное тело, светящееся отражённым светом (о планете, астероиде и т.п.). Вечерняя, утренняя з. (о Венере). Падающая (падучая) з. (о метеорите).
  4. Тот, кто прославился в какой-л. сфере деятельности (обычно в искусстве, спорте). З. балета. З. эстрады. Быть звездой экрана. Кто-л. - з. первой величины. Восходящая з. (о человеке, который становится знаменитым).
  5. Геометрическая фигура с остроконечными выступами, равномерно расположенными по окружности; фигура с лучами, исходящими от центра. Пятиконечная, восьмиконечная з. Нарисовать, вырезать звезду. // Предмет, внешние очертания которого воспроизводят такую фигуру. Ёлочная з. Кремлёвские звёзды. // Знак отличия, орден, имеющий такую форму. Золотая з. героя. Маршальская з. Орден ""Красной Звезды"".
  6. Светлое пятно на лбу животного. Морская звезда. Морское беспозвоночное животное, имеющее форму пятилучевой (иногда больше) звезды. Сверхновая звезда (см. Сверхновый). Новые звёзды (см. Новый). Переменные звёзды (см. Переменный). Звёзд с неба не хватает кто. О человеке ничем не примечательном, со средними способностями. Считать звёзды (см.
  7. Считать). Звёздный; Звёздочка (см.).","1. Астрономическое: небесное тело, по своей природе сходное с Солнцем, вследствие огромной отдалённости видимое с Земли как светящаяся точка на небесном своде
  2. Плоская фигура, составленная из треугольных лучей, исходящих из общего центра, сливающихся в точке схождения
  3. Вещь, предмет в форме
  4. Составная часть названий животных и растений, похожих на
  5. Переносное значение: известный артист, знаменитость; выдающийся по своим талантам и общественным заслугам человек
  6. Переносное значение:: предопределённое роком счастье, благоприятное предначертание судьбы, удача, слава
  7. Переносное значение: личность как воплощение предопределённого судьбой счастья
  8. Переносное значение: то же, что и пизда","1. В переносном значении, , , человек, обладающий необыкновенной властью, влиянием, влиянием 2. В переносном значении, , , тот, кто обладает необыкновенной властью, влиянием 3. В переносном значении, , тот, кто обладает необыкновенной силой, влиянием","1. Птица или морская рыба 2. Женское имя 3. Уменьшительно-ласкательное к слову ""звезда""","Звезда — светящийся газовый шар, который состоит из водорода и гелия и удерживается в состоянии равновесия благодаря силам собственной гравитации и внутреннему давлению.","1. Астрономическое: небесное тело, напоминающее Солнце, но из-за огромного расстояния видимое как светящаяся точка на небе.
 2. Фигура, состоящая из треугольных лучей, сходящихся в центре.
 3. Объект или предмет, имеющий форму звезды.
 4. Часть названий, указывающая на сходство с животными или растениями.
 5. В переносном смысле: известный артист, знаменитость, выдающийся человек.
 6. Переносное значение: удача, счастливый исход, предначертанная судьба.
 7. Переносное значение: человек, символизирующий удачу и успех.
 8. Переносное значение: то же, что и удача, благоприятное стечение обстоятельств.","1. Астрономическое тело, похожее на Солнце, видимое как точка на небе.
  2. Фигура из треугольных лучей, сходящихся в центре.
  3. Объект с формой звезды.
  4. В названиях — указание на сходство с живыми существами.
  5. В переносном смысле: знаменитость, выдающийся человек.
  6. Удача, счастливый исход, предопределённая судьба.
  7. Личность, символизирующая успех и удачу.
  8. То же, что и удача, благоприятное стечение обстоятельств.","1. Небесное тело, похожее на Солнце по своей природе, но расположенное очень далеко от Земли, что делает его видимым как яркая точка на небе.
 2. Геометрическая фигура с остроконечными лучами, исходящими от центра, часто используемая как символ или украшение.
 3. В переносном смысле — известный человек, артист или знаменитость, обладающий выдающимися талантами и заслугами.
 4. Предопределённое судьбой счастье или удачное предначертание; символ судьбы и удачи.
 5. В различных контекстах может обозначать светлое пятно на животных или объект с подобной формой."
корпус,"1. КОРПУС, -а; м. [от лат. corpus - тело].
  2. мн.: корпусы, -ов. Туловище человека или животного. Наклониться, повернуться всем корпусом. Обогнать в скачках на целый к.
  3. мн.: корпуса, -ов и корпусы, -ов. Основа, остов или оболочка механизмов, приборов, аппаратов и т.п. К. скрипки. К. самолёта. Часы в золотом корпусе.
  4. мн.: корпусы, -ов. Совокупность множества каких-л. однородных предметов, образующих целое; массив. Основной к. поэтических текстов.
  5. мн.: корпуса, -ов. Остов судна со всей наружной обшивкой. К. миноносца.
  6. мн.: корпуса, -ов. Отдельное здание в ряду однотипных или обособленная часть большого здания. Главный к. Заводские корпуса. Мы живём на улице Парковой, дом 2, к.
  7. Дом был большой, в несколько корпусов.
  8. мн.: корпуса, -ов. Крупное войсковое соединение, состоящее из нескольких дивизий или бригад. Стрелковый к. Гвардейский, танковый к.
  9. мн.: корпуса, -ов. В России до 1917 года: военно-административное объединение войск специального назначения. К. жандармов. К. военных топографов. К. пограничной охраны.
  10. мн. нет. Совокупность лиц одной специальности, какого-л. одного официального или служебного положения и т.п. Дипломатический к. Офицерский к. Депутатский к.
  11. мн.: корпуса, -ов. В России до 1917 года: в составе названий средних военно-учебных закрытых заведений. Кадетский к. Пажеский к.
  12. мн. нет. Типогр. Название одного из размеров типографского шрифта. Корпусной, -ая, -ое (6-7, 9 зн.). К. генерал. Корпусный, -ая, -ое (2-5 зн.). К-ая мебель.","1. Туловище человека или животного
  2. Внешняя твёрдая оболочка чего-либо
  3. Отдельное здание в ряду других зданий
  4. Военное: крупное войсковое соединение, включающее несколько дивизий
  5. Совокупность лиц, объединённых общностью официального положения, задач, целей
  6. Историческое: в царской Россиисреднее военно-учебное заведение
  7. Размер типографского шрифта, равный 10 пунктам
  8. Лингвистическое: подобранная и обработанная по определённым правилам совокупность текстов, используемых в качестве базы для исследования языка
  9. Техническое: общий провод электрической схемы, радиосхемы","1. Устаревшее слово, корпус","1. Основание, предназначенное для удержания корпуса","Корпус — тело человека или животного, а также его внешняя оболочка, структура. В более широком смысле это совокупность людей или предметов, рассматриваемая как единое целое. Кроме того, слово «корпус» может обозначать отдельное здание в ряду других или основную часть чего-либо.","1. Туловище человека или животного
 2. Внешняя оболочка чего-либо
 3. Отдельное здание в ряду других
 4. Крупное войсковое соединение
 5. Группа людей с общими задачами и целями
 6. Среднее учебное заведение в России
 7. Размер шрифта 10 пунктов
 8. Совокупность текстов для лингвистических исследований
 9. Основной провод в схеме или радиоаппаратуре","1. Туловище человека или животного
  2. Внешняя оболочка
  3. Отдельное здание
  4. Войсковое соединение
  5. Группа с общими задачами
  6. Учебное заведение
  7. Шрифт 10 пунктов
  8. Тексты для языковых исследований
  9. Основной провод в схеме","1. Туловище человека или животного.
 2. Внешняя твердая оболочка или основа чего-либо, остов механизма, прибора или аппарата.
 3. Отдельное здание или часть большого здания.
 4. Крупное войсковое соединение или военно-административное объединение войск специального назначения.
 5. Совокупность лиц, объединенных общностью официального положения, задач или целей.
 6. Размер типографского шрифта, равный 10 пунктам (в некоторых контекстах)."
языкознание,"1. ЯЗЫКОЗНАНИЕ, -я; ср.
  2. Наука о языке, об общих законах существования и исторического развития человеческого языка; лингвистика. Сравнительно-историческое я.
  3. Учебный предмет, изучающий эту науку. Преподавать я. // Учебник по этому предмету.","1. Наука о человеческом естественном языке как знаковой системе и средстве общения, а также обо всех языках мира, общих законах строения и функционирования человеческого языка","1. Раздел языкознания, изучающий язык и его историю","1. Раздел языкознания, изучающий язык","Языкознание — наука, изучающая языки, их происхождение, развитие и функционирование.","1. Наука о человеческом языке, его структуре и использовании, а также о языках и их общих закономерностях.","1. Наука о языке и его законах, изучающая все языки мира.","1. Наука о человеческом языке как знаковой системе и средстве общения.
 2. Изучает все языки мира, их структуру, функционирование и историческое развитие.
 3. Относится к области лингвистики."
истый,"1. ИСТЫЙ, -ая, -ое. Настоящий, подлинный. И. охотник. И. джентльмен. Слыть истой красавицей. Быть истым археологом. // Ревностный, усердный. И. болельщик. И. критик. И. фотолюбитель.","1. Такой, как полагается, истинный
  2. Ревностный, преданный","1. Устаревшее слово, истый","1. Имеющий несколько свойств, характерных для него 2. Пропитанный в составе 3. Очень большой","Истый — это обладающий полной, несомненной выраженностью каких-либо качеств, свойств, характеристик.","1. Истинный, соответствующий всем требованиям и ожиданиям.","1. Истинный, соответствующий всем требованиям.","1. Настоящий, подлинный, такой, как следует ожидать.
 2. Ревностный, преданный, усердный."
русский,"1. РУССКИЙ, -ая, -ое.
  2. к Россия и Русь. Р-ая история. Р-ая природа. Р. народ. Р-ая земля.
  3. Принадлежащий русским, созданный русскими или свойственный русским. Р. язык. Р-ая литература. Р-ая культура. Р. характер. Р-ая пляска. Р-ое гостеприимство. Р-ие пословицы и поговорки. Р-ая душа. Р-ое масло (топлёное). Р-ая печь (особым способом сложенная в жилых помещениях кирпичная печь для варки пищи, выпечки хлеба и отопления). Р-ая рубашка (верхняя мужская рубашка навыпуск с застёгивающимся сбоку воротом; косоворотка). Р-ие сапоги (с голенищами до колен). Русская рулетка (см. Рулетка). Русский человек (см. Русские).","1. Относящийся к Руси, России, либо россиянам или русским
  2. Субстантивированное: представитель русского народа, гражданин России или человек, имеющий российское происхождение
  3. Субстантивированное: русский народ",1. Относящийся к русскому языку 2. Относящийся к русскому языку 3. Относящийся к русскому языку 4. Относящийся к русскому языку 5. Относящийся к русскому языку 6. Относящийся к русскому языку 7. Относящийся к русскому языку 8. Относящийся к русскому языку 9. Относящийся к русскому языку 10. Относящийся к русским,1. Относящийся к русскому языку,"Русский — относящийся к России, её территории, культуре, языку.","1. Связанный с Россией, её историей и культурой, либо с её жителями.
 2. Человек, принадлежащий к русскому народу, гражданин России или имеющий российское происхождение.
 3. Русский народ.","1. Связанный с Россией и её культурой, а также с её жителями.
 2. Человек, принадлежащий к русскому народу или являющийся гражданином России.
 3. Русский народ.","1. Относящийся к России, ее народу, языку и культуре.
 2. Представитель русского народа или гражданин России.
 3. Человек русского происхождения или этнического происхождения, связанного с Россией.
 4. Русский язык, основной язык, на котором говорят в России."
одеть,"1. ОДЕТЬ, -дену, -денешь; одень; одетый; одет, -а, -о; св. кого-что (во что, чем).
  2. Облечь в какую-л. одежду (противоп.: раздеть). О. малыша на улицу. О. больного для прогулки. О. куклу. Одели по последней моде. Дождь на улице, оденьте ребёнка в плащ! // Нарядить кем-л. Актёра одели лешим.
  3. Снабдить, обеспечить одеждой. Всю семью она должна о., обуть, накормить. Это предприятие может о. в модные платья весь город. Портной должен о. своих клиентов. Вы такой прекрасный мастер, оденьте меня! (обеспечьте одеждой, сшитой по моде).
  4. Покрыть. Снег одел землю белым покровом. Лёд одел реки. Весна одела холмы травой и цветами. // Окутать (о тумане, мраке и т.п.). Сумерки одели сад. Тьма одела окрестности. Ночь одела землю непроглядным мраком. Туман, клубясь, одел овраги.
  5. Покрыть поверхность чего-л., облицевать. Берега Невы одеты в гранит. Здание одели облицовочным камнем. Свежий холмик одели дёрном.
  6. Разг. Покрыть, укрыть чем-л. Оденьте больного тёплым одеялом! Одевать, -аю, -аешь; нсв. Одеваться, -ается; страд. Одевание (см.).","1. Облечь в какую-либо одежду
  2. Переносное значение: снабдить, обеспечить одеждой
  3. Переносное значение: покрыть, окутать, нарядить
  4. Просторечное: надеть, нацепить что-либо на кого-либо","1. Устаревшее слово, одеть","1. Обделать в виде лодки 2. Изготовить на себя одну или несколько сопряженных деталей; скрыть, заставить начать находить что-либо 3. Провести определённое время без удачи 4. Поместиться где-либо для обитания 5. Устаревшее слово, от","Одеть — покрыть кого-либо одеждой, нарядить в какую-либо одежду.","1. Одеть – 1. Накрыть, облечь в одежду
 2. В переносном смысле: снабдить одеждой
 3. В переносном смысле: покрыть, окутать, нарядить
 4. Просторечное: надеть, нацепить что-либо на кого-либо.","1. Одеть — 1. Накрыть одеждой, облачить кого-либо
 2. В переносном смысле: снабдить одеждой, обеспечить
 3. В переносном значении: покрыть, нарядить, окутать
 4. Просторечное: надеть, нацепить что-то на кого-то.","1. Облечь в одежду.
 2. Надеть на себя или на кого-либо.
 3. Снабдить, обеспечить одеждой.
 4. Нарядить, украсить (в переносном смысле).
 5. Покрыть, укрыть чем-либо.
 6. В переносном смысле – обеспечить чем-либо необходимое для комфорта или защиты."
огурец,"1. ОГУРЕЦ, -рца; м. Огородное растение семейства тыквенных с небольшими продолговатыми зелёными плодами. Посадили весной огурцы. Какой сорт огурцов вы сажаете? Парник для огурцов. // Плод этого растения. Салат из огурцов. Заготовка огурцов на зиму. Разрезал, посолил и стал есть свежий о. Молодец, как солёный о. (шутл.). Огурчик (см.). Огуречный, -ая, -ое. О-ая кожура. О-ые семена. О-ые грядки. О. лосьон (косметический лосьон, содержащий сок свежего огурца).","1. Однолетнее травянистое растение из семейства тыквенных с продолговатым зелёным плодом
  2. Плод огурца, употребляемый в пищу; огородный овощ
  3. Переносное значение: о ком-либо здоровом, крепком, свежем на вид",1. Житель или уроженец огурца,1. Житель или уроженец огурца,"Огурец — это продолговатый зелёный овощ из ботанического семейства тыквенных, который имеет сочную мякоть и обычно употребляется в пищу.","Огурец – 1. Однолетнее растение из семейства тыквенных с удлинённым зелёным плодом.
 2. Плод этого растения, используемый как овощ.
 3. Переносное значение: о человеке, который выглядит здоровым и свежим.","1. Однолетнее растение с зелёным плодом.
  2. Плод этого растения, используемый как овощ.
  3. Переносное значение: о свежем и здоровом человеке.","1. Однолетнее травянистое растение из семейства тыквенных, имеющее продолговатый зелёный плод (cucumis sativus).
 2. Плод этого растения, употребляемый в пищу как огородный овощ.
 3. В переносном смысле, о человеке, который кажется здоровым, крепким и свежим."
тварь,"1. ТВАРЬ, -и; ж.
  2. Книжн. Всякое живое существо. Твари земные. Бессловесные твари (о животных). Двуногие твари (о людях). [] собир. Домашняя т. Всякая живая т.
  3. Презрит. О недостойном, подлом человеке. Всякой твари по паре. Шутл. Всех понемногу (из библейского рассказа о вселенском потопе, когда Бог велел Ною взять с собой в ковчег по паре разных птиц, животных и т.п.). Тварюшка, -и; мн. род. -шек, дат. -шкам; ж. Уменьш.-ласк. (1 зн.). Всякие тварюшки.","1. Живое существо, создание
  2. Мерзкий, подлый человек","1. Устаревшее слово, , , , , , человек 2. Устаревшее слово, , , ,","1. Жаргонное слово, , часть чего-либо; предмет, какой-либо подлинной фигуры 2. Жаргонная мелодия, изложение слова или песни и т. п.","Тварь — 1) всякое живое существо; 2) подлый, мерзкий человек.","1. Живое создание, существо.",1. Живое существо.,"1. Живое существо, создание.
 2. О подлом или мерзком человеке.
 3. Смешанное или разнородное скопление животных или людей."
специфический,"1. СПЕЦИФИЧЕСКИЙ, -ая, -ое [от лат. specificus - преобразующий].
  2. Свойственный только данному предмету, лицу, явлению и т.п.; характерный, отличительный. С. запах больницы. С-ие черты, особенности, признаки, приметы кого-, чего-л.
  3. Спец. Имеющий особое строение, состав, свойство. С-ие белки. С-ая потребительская стоимость рабочей силы. Специфически, нареч. В нём не было ничего с. актёрского. С. пахнуть.","1. Составляющий отличительную черту, особенность кого-либо, чего-либо
  2. Отличающийся от других по строению, составу, характеру и т. п",1. Специфический,"1. Свойственный конкретному человеку, характерный для него 2. Свойственный конкретному личности 3. Похожий на своё место","Специфический — особенный, обладающий отличительными свойствами, характерный для чего-либо конкретного.",1. Отличающийся от других и являющийся характерной чертой чего-либо.,1. Отличающийся особыми чертами и характеристиками.,"1. Характерный только определённому предмету, лицу или явлению; отличительный.
 2. Имеющий особое строение, состав или свойства, отличающие его от других."
отразиться,"1. ОТРАЗИТЬСЯ, -ражусь, -разишься; св.
  2. Встретив на пути преграду, получить другое, обратное направление (о лучах света, звуках и т.п.).
  3. Дать своё отражение на гладкой, блестящей поверхности. О. на дне чайника. Луна отразилась в пруду. О. в зеркале.
  4. Обнаружиться, получить внешнее проявление. На лице отразилось удовольствие. В глазах отразилась тревога.
  5. на ком-чём. Оказать какое-л. влияние, воздействие на кого-, что-л. Волнение отразилось на меткости стрельбы. Переутомление отразилось на работе. Отражаться, -аюсь, -аешься; нсв. Отражение (см.).","1. Дать своё изображение на какой-нибудь гладкой, полированной, блестящей поверхности
  2. Оказать заметное влияние, воздействие на кого-что-нибудь
  3. Переносное значение: обнаружиться, показаться, о проявлении чувств, эмоций на лице, в поведении человека
  4. Переносное значение: быть представленным, описанным, рассказанным
  5. Переносное значение: отбиваться, обороняться, парировать удары, нападения; изменение направления движения на противоположное","1. Устаревшее слово, отразить, отразить себя","1. Отразиться, возникнуть, появиться","Отразиться — оставить свой след, повлиять, изменить что-либо.","1. Оставить отпечаток на гладкой поверхности.
 2. Оказать значительное влияние.
 3. Показать свои чувства или эмоции.
 4. Быть представленным в рассказе.
 5. Изменить направление движения на противоположное.","1. Оставить отпечаток на гладкой поверхности.
 2. Оказать значительное влияние.
 3. Показать эмоции.
 4. Быть описанным.
 5. Изменить направление.","1. Дать изображение на гладкой поверхности.
 2. Воздействовать и проявиться на чем-либо.
 3. Проявляться внешне, быть заметным (в переносном смысле, например, эмоции на лице).
 4. Быть представленным или описанным.
 5. Отбиваться, изменять направление (в переносном и буквальном смысле)."
навык,"1. НАВЫК, -а; м. Умение, приобретённое упражнениями, созданное привычкой. Развивать уменья и навыки. Приобрести навыки в стенографии. Н. к самостоятельной работе.","1. Умение, приобретенное упражнениями, созданное привычкой","1. Устаревшее слово, научный навык","1. Устаревшее слово, навыок","Навык — это умение, приобретённое в результате обучения, практики или опыта, которое позволяет человеку успешно выполнять определённую задачу или деятельность.","1. Способность, развиваемая практикой и привычкой.","1. Способность, развиваемая регулярной практикой и привычкой.","1. Умение, приобретенное благодаря регулярным упражнениям и повторениям, превращённое в привычку."
качественный,"1. КАЧЕСТВЕННЫЙ, -ая, -ое; -вен и -венен, -венна, -венно.
  2. к Качество (1, 3 зн.). Указать средние к-ые показатели. К-ые различия между предметами. Произошло к-ое изменение в оценке событий. К. анализ (хим.; исследование состава вещества). К-ое прилагательное (грамм.; обозначающее качество или свойство предмета, которое может проявляться с разной степенью).
  3. Разг. Обладающий хорошим, высоким качеством; доброкачественный. К. ремонт. К-ая древесина. К-ые ткани. К-ые товары, продукты. Качественно, нареч. К. иная ступень познания. Сделать работу к. Качественность, -и; ж. (2 зн.). К. вспашки обеспечена. К. полировки автомобиля.","1. Свойственный качеству
  2. Разговорное: обладающий высоким качеством
  3. Лингвистическое: обозначающий качество или свойство предмета","1. Относящийся к качеству, связанный с ним 2. Свойственный качеству, характерный для него 3. Относящийся к качеству, связанный с ним","1. Свойственный качеству; очень хороший 2. Соответствующий качеству, подлинному 3. Изысканный в качестве характеристик, особенностей 4. Устаревшее слово, высококлассный, превосходный","Качественный — обладающий положительными характеристиками, свойствами, признаками.","1. Свойственный качеству, характеристикам
 2. Обладающий высоким уровнем качества
 3. Относящийся к качеству или свойству предмета","1. Свойственный качеству и характеристикам.
 2. Обладающий хорошим качеством.
 3. Относящийся к свойствам или признакам предмета.","1. Свойственный качеству;
 2. Обладающий высокими показателями качества;
 3. Определяющий качество или свойство предмета (прилагательное или наречие);
 4. Характеризующий предмет с учетом его качества, которое может варьироваться."
преподобный,"1. ПРЕПОДОБНЫЙ, -ая, -ое. У христиан: почитаемый святым угодником, праведником (определение, прибавляемое обычно к именам монахов и пустынников). П. Сергий Радонежский.
  2. ПРЕПОДОБНЫЙ, -ого; м. В христианстве: православный святой угодник, праведник, который, отказавшись от всех жизненных благ, напряжённым трудом и постоянной молитвой достиг нравственной чистоты и совершенства. Причислить к лику преподобных. Обитель преподобного. Преподобная, -ой; ж.","1. В православии, монашествующие святые, прославляемые за подвижническую жизнь
  2. Титул, используемый в католицизме и протестантизме для обращения к священнику; в православии не используется","1. Устаревшее слово, подобный","1. Принадлежащий божеству, святому","Преподобный — в православной церкви форма титулования монаха, подчёркивающая его праведность.","1. В православии – монахи, прославленные за особо благочестивую жизнь.","1. В православии — монахи, прославленные за святую жизнь.","1. В православии, монашествующие святые, прославленные за праведную жизнь.
 2. Титул, используемый в некоторых христианских конфессиях (не в православии) для обращения к священникам или праведным людям.
 3. Человек, вызывающий чувство уважения и восхищения своей праведностью или святостью."
недоступный,"1. НЕДОСТУПНЫЙ, -ая, -ое; -пен, -пна, -пно.
  2. Такой, к которому или по которому нельзя пройти, проехать и т.п. Н-ые горные вершины. Н-ая местность.
  3. Недостижимый по каким-л. причинам. Н-ые товары. Н-ое счастье. Н-ая цена. Такая шуба для меня недоступна.
  4. Превышающий чьи-л. силы, способности, возможности. Скорость бегуна недоступна для других.
  5. Слишком трудный для понимания, усвоения, не поддающийся восприятию, переживанию кого-л. Н-ые рядовому читателю философские мысли. Ультразвук н. человеческому слуху. Задача оказалась недоступной для учеников. Всё это недоступно женскому уму. Радости жизни ей недоступны. Любовь недоступна твоему пониманию.
  6. Такой, к которому трудно подступиться; неприступный. Поэт недоступен для окружающих. Н-ая девушка. * Я знал красавиц недоступных, Холодных, чистых, как зима (Пушкин). Недоступность, -и; ж. Н. привлекает мужчин.","1. Такой, к которому трудно или невозможно приблизиться, подойти
  2. Такой, к которому или по которому трудно или невозможно пройти, проехать
  3. Недостижимый по каким-либо причинам, из-за каких-либо обстоятельств, условий
  4. Превышающий чьи-либо финансовые возможности; очень дорогой
  5. Превышающий чьи-либо способности, возможности
  6. Трудный для понимания; непостижимый
  7. Такой, к которому трудно подступиться; неприступный","1. Такой, к которому трудно добраться, до которого трудно добраться 2. Такой, к которому трудно добраться, к которому трудно приблизиться 3. В переносном значении, недоступный для кого-либо, чего-либо 4. В переносном значении, недоступный кому-либо, чему-либо 5. В переносном значении, недоступный для кого-либо, чего-либо","1. Человек, который невозможно использовать; ограниченный","Недоступный — такой, к которому или по направлению к которому нет доступа.","1. Такой, к которому сложно или невозможно подойти.
 2. К которому или по которому трудно пройти.
 3. Недостижимый по разным причинам.
 4. Очень дорогой, превышающий финансовые возможности.
 5. Выходящий за пределы возможностей.
 6. Трудный для понимания.
 7. Неприступный, к которому трудно приблизиться.","1. Такой, к которому сложно или невозможно подойти.
 2. К которому или по которому трудно пройти.
 3. Недоступный по разным причинам.
 4. Очень дорогой, превышающий финансовые возможности.
 5. Выходящий за пределы возможностей.
 6. Трудный для понимания.
 7. Неприступный, к которому трудно приблизиться.","1. Трудно или невозможно приближаться к чему-либо или подходить к нему.
 2. Трудно пройти или проехать по чему-либо.
 3. Недостижимый из-за различных причин или обстоятельств.
 4. Очень дорогой, превышающий финансовые возможности.
 5. Превышающий способности или возможности человека.
 6. Сложный для понимания или восприятия; непостижимый.
 7. Приступный, трудный для доступа или завоевания."
босой,"1. БОСОЙ, -ая, -ое; бос, -а, -о. Необутый, имеющий голые ступни (о ногах человека и о человеке с такими ногами). Шлёпать босыми ногами. Босой, в зн. нареч. =Босиком. Любит бегать б. На босу ногу (см. Босу).","1. Не имеющий на ногах обуви; необутый
  2. С голыми ногами","1. Устаревшее слово, , босой","1. Тот, кто совсем бо́с, мало поросшего","Босой — не имеющий на ногах обуви, чулок или носок.","1. Не имеющий обуви на ногах, без обуви.",1. Не имеющий обуви на ногах.,"1. Не имеющий обуви на ногах; необутый.
 2. С голыми ногами.
 3. На голую ногу."
учредить,"1. УЧРЕДИТЬ, учрежу, учредишь; учреждённый; -дён, -дена, -дено; св. что.
  2. Основать, создать что-л. У. акционерное общество.
  3. Ввести, установить. У. знаки отличия. У. контроль за производством. У. стипендию в университете. У. премию. У. юбилейную медаль. У. должность научного сотрудника. У. дежурство. У. новый порядок подачи документов. Учреждать, -аю, -аешь; нсв. Учреждаться, -ается; страд. Учреждение (см.).","1. Основать, создать нечто общественно значимое
  2. Ввести, установить","1. Устаревшее слово, учредить","1. Сделать строгим, довести до определённого состояния","Учредить — основать, создать что-либо (организацию, учреждение и т. п.).","1. Создать, основать что-то важное для общества.",1. Создать что-то значимое для общества.,"1. Основать, создать организацию, учреждение или другое общественно значимое образование.
 2. Ввести, установить правила, нормы или систему."
сжимать,1. СЖИМАТЬ см. Сжать.,"1. Сдавливать, крепко обхватив
  2. Крепко держать
  3. Переносное значение: сужать, охватывать",1. Сгибать,"1. Жаргонное слово, бросать на себя что-либо; ловко сжиматься","Сжимать — сдавливать, стискивать, уменьшая в объёме.","1. Сдавливать, плотно обхватывая.
 2. Крепко держать в руках.
 3. Переносное значение: уменьшать, охватывать.","1. Сдавливать, плотно обхватывая.
 2. Крепко держать в руках.
 3. Уменьшать, сужать, охватывать.","1. Сдавливать, крепко обхватывать что-либо руками или чем-либо другим.
 2. Тяжело держать что-либо в руках.
 3. В переносном смысле: сужать, ограничивать пространство или время, охватывать чем-то."
обнажить,"1. ОБНАЖИТЬ, -жу, -жишь; обнажённый; -жён, -жена, -жено; св. кого-что.
  2. Снять одежду, оголить (тело или часть тела). О. тело до пояса. О. женщину. О. руку до локтя. Обнажил грудь больного, ставя банки. Обнажил голову, сняв шапку. Присутствующие обнажили головы (сняли головные уборы в знак уважения или скорби). // Перестать прикрывать, закрывать собой (об одежде). Короткие рукава обнажили худые руки. Манжет завернулся, обнажив кисть руки. Юбка вздёрнулась и обнажила колени.
  3. Освободить что-л. от покрывающего слоя, сделать видимым. Обвалы обнажили склоны гор. Реставратор снял верхний слой живописи, обнажив более древнее изображение. Дожди и ветры обнажили корни сосны. Улыбка обнажила ровные белые зубы. О. меч, шпагу (также: начать войну, распрю).
  4. Лишить листвы, хвои, растительности. Осень обнажила деревья, сорвав с них листву. Обнажены осенние поля.
  5. Сделать явным; раскрыть, обнаружить скрытое, тайное. О. зло, пороки общества. О. самую суть происходящего. О. подлинную сущность событий. О. сердце, душу, мысли (откровенно рассказать о себе, своих мыслях, чувствах).
  6. Сделать беззащитным, открытым для врага, оставив без людей, вооружения и т.п.; открыть. Нельзя о. левый фланг. О. фронт. О. государственные границы. Обнажать, -аю, -аешь; нсв. Обнажаться, -ается; страд. Обнажение (см.).","1. Сняв одежду, покров, оголить, открыть какую-либо часть тела
  2. Освободить от покрова, покрывающего слоя что-либо, прежде находившееся под этим покровом
  3. Об оружиивынуть из ножен, кобуры и т. п
  4. Переносное значение: сделать явным; раскрыть, обнаружить",1. Нажить в большом количестве,"1. Выжить на что-либо 2. В переносном значении, покрыть неприятным запахом, дать кому-либо ощущение","Обнажить — открыть для взгляда или воздействия, сняв или отбросив одежду, покров и т. п.","1. Сняв одежду, открыть часть тела.
 2. Освободить от покрова, показать скрытое.
 3. Вынуть оружие из ножен.
 4. Сделать что-то явным, раскрыть.","1. Снять одежду и открыть часть тела.
 2. Освободить от покрова, показать скрытое.
 3. Вынуть оружие из ножен.
 4. Сделать что-то явным, раскрыть.","1. Снять или снять с чего-либо покров, одежду, оголить часть тела или объект.
 2. Освободить что-либо от покрова, сделать видимым или доступным.
 3. В переносном смысле раскрыть, обнаружить, сделать явным скрытые аспекты или истину.
 4. Лишить защиты или вооружений."
спеть,"1. СПЕТЬ, спою, споёшь; спой; св. (нсв. петь). (что). Исполнить голосом музыкальное, вокальное произведение, пропеть. С. арию. С. хором народную песню. С. партию Руслана. Песня (песенка) спета чья. Чьи-л. успехи, нормальный ход событий, жизни кончаются, кончились.
  2. СПЕТЬ, спеет; нсв. (св. поспеть).
  3. Становиться спелым; созревать. Яблоки спеют. Хлеб наливался и спел не по дням, а по часам.
  4. Разг. Становиться готовым к употреблению (о приготовляемой пище). * То спеет каша степняка (Кольцов). Кипит и преет, к обеду поспеет (Погов.).","1. Становиться спелым, зрелым, готовым","1. Устаревшее слово, спеть","1. Устаревшее слово, и расслабиться","Спеть — издать звук голосом, исполняя музыкальное произведение.","1. Достигнуть состояния зрелости, готовности.","1. Достигнуть зрелости, быть готовым.",1. Стать зрелым и готовым к использованию или проявлению своих качеств.
показываться,1. ПОКАЗЫВАТЬСЯ см. Показать и Показаться.,"1. Становиться видным, заметным; появляться
  2. Выступать наружу, проступать на какой-либо поверхности
  3. Являться, приходить куда-либо, к кому-либо
  4. Показывать себя, давать увидеть себя кому-либо
  5. Представлять себя для осмотра, какого-либо заключения
  6. Страд. к показывать","1. Становиться видимым, показываться, обнаруживаться 2. Страд. к показывать","1. Покрыться, изложиваться на поверхности","Показываться — появляться, становиться видимым.","1. Становиться заметным, появляться на виду.
 2. Выходить наружу, проявляться на поверхности.
 3. Приходить, являться в какое-либо место или к кому-либо.
 4. Демонстрировать себя, давать возможность увидеть.
 5. Представлять себя для осмотра или оценки.
 6. Форма глагола «показывать», указывающая на действие, совершённое с кем-либо или чем-либо.","1. Становиться заметным, появляться на виду.
 2. Выходить наружу, проявляться на поверхности.
 3. Приходить, являться в какое-либо место или к кому-либо.
 4. Демонстрировать себя, давать возможность увидеть.
 5. Представлять себя для осмотра или оценки.
 6. Форма глагола, указывающая на действие, совершённое с объектом или лицом.","1. Становиться видным, появляться на виду; проявляться.
 2. Выступать наружу, проявляться на какой-либо поверхности.
 3. Представляться, приходить или появляться у кого-либо, в каком-либо месте.
 4. Давать возможность увидеть себя, демонстрировать себя.
 5. Давать основания для осуждения, оценки."
облегчить,"1. ОБЛЕГЧИТЬ [хч], -чу, -чишь; облегчённый; -чён, -чена, -чено; св. кого-что.
  2. Уменьшить вес чего-л., сделать более лёгким, освободив от лишнего груза, тяжести. О. ношу. О. вес самолёта на сто килограммов. О. корабль от лишнего груза.
  3. Сделать менее сложным; упростить. О. задачу. О. работу, труд. О. конструкцию станка.
  4. Уменьшить тяготы чего-л.; сделать менее трудным, обременительным. О. условия труда. Техника облегчила нам работу. О. путь, сократив расстояние. // Сделать менее тяжким, улучшить (судьбу, положение и т.п.). О. участь подсудимого. О. положение матерей-одиночек. О. жизнь детей. // Смягчить, ослабить, умерить (горе, страдание, печаль и т.п.). О. чьё-л. горе. О. страдания умирающего. Лаской, добрым словом о. печаль сердца.
  5. Принести успокоение, облегчение; успокоить. Слёзы облегчили его. Разговор с вами облегчил мою душу. Облегчать, -аю, -аешь; нсв. Облегчаться, -ается; страд. Облегчение (см.).","1. Уменьшить вес чего-либо, сделать более лёгким, освободив от лишнего груза, тяжести
  2. Переносное значение: сделать менее сложным по характеру, устройству и т. п.; упростить
  3. Переносное значение: уменьшить тяготы чего-либо; сделать менее трудным, обременительным
  4. Переносное значение: смягчить, ослабить
  5. Переносное значение: принести успокоение","1. Устаревшее слово, облегчить","1. Обълегчить 2. Провести некоторое время, облегая","Облегчить — уменьшить трудности, сделать менее сложным, требующим меньше усилий.","1. Сделать что-либо менее тяжёлым, освободив от лишнего веса.
 2. Упростить, сделать менее сложным.
 3. Уменьшить трудности, облегчить бремя.
 4. Смягчить, уменьшить напряжение.
 5. Принести успокоение, облегчить душевное состояние.","1. Сделать что-либо легче, уменьшив вес или сложность.
 2. Упростить, сделать проще.
 3. Уменьшить трудности, облегчить бремя.
 4. Смягчить, уменьшить напряжение.
 5. Принести успокоение, облегчить душевное состояние.","1. Уменьшить вес или тяжесть чего-либо, сделать более лёгким.
 2. Сделать менее сложным или трудным, упростить.
 3. Смягчить, ослабить или уменьшить тяжесть обстоятельств.
 4. Принести облегчение, успокоение."
орех,"1. ОРЕХ, -а; м.
  2. Плод некоторых растений со съедобным ядром в твёрдой скорлупе, оболочке. Колоть орехи. Грызть орехи. Кедровые, кокосовые, лесные, грецкие орехи. Калёные, жареные орехи. Гнилой о. // Об очищенных от скорлупы ядрах такого плода. Орехи в сахаре. Конфеты, торт, шоколад с орехами. // Ботан. Нераскрывающийся плод некоторых растений с твёрдым деревянистым околоплодником (плод дуба, каштана и др.). [] собир. Миндальный о. Мускатный о. Ореха в лесу мало. Земляной, китайский о. (=арахис).
  3. только ед. Дерево или кустарник, дающий такие плоды. Обсадить поле грецким орехом. Заросли ореха. // Древесина этого дерева (используется в столярном деле из-за её прочности и красоты). Полированный о. Шкаф из ореха. На орехи досталось кому (см. Достаться). Разделать под орех кого. Сильно выругать, раскритиковать, одержать верх над кем-л. в споре. Орешек, -шка; м. Уменьш. (1 зн.). Крепкий, твёрдый о. (о чём-л. трудном для понимания, осуществления, достижения и т.п.). Ореховый, -ая, -ое. О-ая скорлупа. О-ая роща. О-ое дерево. О. торт. О-ая халва. О-ая трость.","1. Растение семейства ореховых
  2. Сухой невскрывающийся синкарпный нижний плод некоторых растений, с деревянистым околоплодником, внутри которого помещено одно свободно лежащее семя
  3. Плод некоторых растений, как правило, с относительно мягким ядром и твёрдой скорлупой
  4. Древесина орехового дерева","1. Устаревшее слово, орех","1. Ягод, обычно содержащийся в фруктовых растениях; злаков","Орех — это плод некоторых растений (преимущественно деревьев или кустарников), как правило, с относительно жёсткой скорлупой и съедобным ядром.",,"1. Плод, состоящий из твёрдой скорлупы и мягкого ядра, часто встречающийся у растений семейства ореховых.","1. Плод деревьев семейства ореховых, имеющий твердую скорлупу и съедобное ядро.
 2. Об очищенных от скорлупы ядрах ореха.
 3. Древесина деревьев, дающих орехи.
 4. Орехи также могут обозначать действие сильного раскритиковывания или одержания верха в споре."
прижаться,"1. ПРИЖАТЬСЯ, -жмусь, -жмёшься; св. Тесно, плотно прислониться к кому-, чему-л. П. к стене. П. спиной. Ребёнок прижался к матери. П. друг к другу. Дети п. один к другому. П. губами. // Расположиться очень близко от чего-л. Дорога прижалась к скале. Деревушка прижалась к реке. Автобус прижался к обочине. Прижиматься, -аюсь, -аешься; нсв.","1. Тесно, плотно прислониться к кому-либо или к чему-либо","1. Устаревшее слово, прижаться","1. Обжаться вверх, прижимаясь к чему-либо 2. Устаревшее слово, заниматься чем-либо (о чём-либо) 3. В переносном значении, вдоволь пригибать","Прижаться — сильно приблизиться, прислониться к кому-либо или чему-либо.",1. Тесно прильнуть к кому-либо или чему-либо.,1. Тесно прильнуть к кому-либо или чему-либо.,"1. Тесно прислониться к кому-либо или к чему-либо.
 2. Расположиться очень близко к чему-либо."
жаждать,"1. ЖАЖДАТЬ, -ду, -дешь и (разг.) жаждаю, жаждаешь; жаждущий; жаждая; нсв.
  2. Испытывать жажду, сильно хотеть пить. Вынесли ведро воды для жаждущих. / О почве, растениях, иссохших от зноя. Растрескавшаяся земля жаждет хоть каплю влаги. Леса и сады жаждут дождя.
  3. чего или с инф. Сильно, страстно желать чего-л. Сердце жаждет счастья. Душа моя жаждет обновления. Все люди на земле жаждут мира. Он жаждет отомстить обидчику.","1. Книжное: хотеть пить, испытывать жажду
  2. Переносное значение: страстно хотеть чего-то","1. Устаревшее слово, испытывать жажду","1. Сделать что-либо захватывающее и разгружающееся чем-либо, резким или длинным",Жаждать — испытывать сильную потребность или желание.,"1. Книжное: испытывать сильное желание пить воду.
 2. Переносное: сильно хотеть чего-либо.",1. Жаждать — испытывать сильное желание пить воду (книжное значение); сильно хотеть чего-либо (переносное значение).,"1. Испытывать сильную жажду, хотеть пить.
 2. Страстно желать чего-то, испытывать сильное желание.
 3. В переносном смысле выражать сильную потребность или страсть."
пьянство,"1. ПЬЯНСТВО, -а; ср. Постоянное и неумеренное потребление спиртных напитков; алкоголизм. Бороться с пьянством. Предаваться пьянству. Беспросыпное, беспробудное п.",1. Постоянное употребление спиртных напитков; алкоголизм,"1. Устаревшее слово, пьянство","1. Отсутствие пищи, злоупотребление, пытки","Пьянство — регулярное употребление спиртных напитков в больших количествах, приводящее к физической, психической и социальной деградации личности.","1. Регулярное потребление алкоголя, приводящее к алкоголизму.","1. Регулярное употребление алкоголя, ведущее к алкоголизму.","1. Постоянное и неумеренное употребление спиртных напитков; состояние, связанное с чрезмерным потреблением алкоголя; алкоголизм."
шмонать,"1. ШМОНАТЬ, -аю, -аешь; нсв. (св. обшмонать и ошмонать). кого-что. Жарг. Обыскивать, рыться в чьих-л. вещах.","1. Криминальный жаргон: производить обыск, шмон; обыскивать","1. Жаргонное слово, , пить алкогольные напитки","1. Шмоить какое-либо дело 2. Прикреплять, перемещать на работу на что-либо с шумом; притуплять",Шмонать — обыскивать кого-либо или что-либо.,"1. Проводить обыск, поиск чего-либо, используя криминальный жаргон.","1. Проводить обыск, используя криминальный жаргон.","1. Производить обыск, тщательно исследовать или обыскивать вещи или пространство.
 2. Рытиться в чьих-либо личных вещах, нарушать их личное пространство в поисках чего-либо."
вулкан,"1. ВУЛКАН, -а; м. [лат. Vulcānus].
  2. [с прописной буквы] В древнеримской мифологии: хромой бог огня и кузнечного дела.
  3. Конусообразная гора с кратером на вершине, через который из недр земли извергаются огонь, лава, пепел, горячие газы, пары воды и обломки горных пород. Действующий, потухший в. Извержение вулкана. Жить (как) на вулкане. В постоянном беспокойстве, в ожидании неприятности, опасности и т.п. Вулканный, -ая, -ое. Проблемы вулканного прогноза.","1. Геологическое образование на поверхности земной коры, отверстие, время от времени извергающее на поверхность лаву, вулканические газы, камни
  2. Переносное значение: нечто яростное, легко провоцируемое, взрывоопасное","1. Устаревшее слово, вулкан","1. Крупный вулкан, расположенный в северной части света (о землях, горах) 2. Природный камень с крупным подземным оттенком, заливами и горными породами","Вулкан — геологическое образование в виде горы с кратером на вершине, через который извергаются лава, пепел, газы и пр.","1. Геологический объект на поверхности Земли, через который периодически извергаются лава, вулканические газы и камни.","1. Геологический объект, извергающий лаву и газы.","1. Конусообразная гора с кратером на вершине, извергающая лаву, вулканические газы и пепел.
 2. Геологическое образование на поверхности Земли, представляющее собой выход магмы на поверхность.
 3. В переносном смысле, что-то яростное, взрывоопасное, легко провоцируемое.
 4. Символ силы и разрушительной силы природы.
 5. (Раскинутые) эмоции или состояние беспокойства, ожидания неприятности."
поставец,"1. ПОСТАВЕЦ, -вца; м. Ист.
  2. Род невысокого шкафа с полками для посуды. Деревянный п. Старинный п. с инкрустациями.
  3. Дорожный ящик, шкатулка для провизии, напитков и т.п. Дорожный п. Миниатюрный п.
  4. Подставка для горящей лучины, свечи. Зажечь лучину в поставце. Поставить свечку в п.
  5. Род посуды для питья с крышкой. Старинный серебряный п. П. в виде петуха. Коллекция поставцев. Поставцовый, -ая, -ое (1 зн.). П-ые дверцы.","1. Устаревшее: разновидность невысокого шкафа с полками для посуды и других хозяйственных принадлежностей
  2. Устаревшее: подсобный столик, на который ставились принесённые из кухни кушанья до подачи их к столу
  3. Устаревшее: дорожный ящик, шкатулка для провизии, напитков и т. п
  4. Жбан, кувшин для кваса
  5. Устаревшее: разновидность посуды для питья с крышкой
  6. Устаревшее: приспособление, подставка для укрепления горящей лучины или свечи",1. Житель или уроженец поста,"1. Тот, кто вытаскается в кустарниковой деревянной или небольшой заготовке 2. Устаревшее слово, человек, приготовленный на складке","Поставец — это шкаф или полки с посудой, столовым серебром, книгами и т. п., расположенные в особой парадной комнате.","1. Устаревший предмет мебели, предназначенный для хранения посуды и хозяйственных предметов.
 2. Устаревший столик для временного размещения принесённых блюд перед подачей.
 3. Устаревший дорожный контейнер для провизии и напитков.
 4. Кувшин для кваса.
 5. Устаревшая посуда для питья с крышкой.
 6. Устаревшая подставка для свечи или лучины.","1. Устаревший предмет мебели для хранения и временного размещения посуды и предметов обихода.
 2. Устаревший столик для кратковременного хранения блюд перед подачей.
 3. Устаревший дорожный контейнер для продуктов и напитков.
 4. Кувшин для кваса.
 5. Устаревшая посуда для питья с крышкой.
 6. Устаревшая подставка для свечи или лучины.","1. Древнее слово для шкафа или столика для хранения и подачи посуды и провизии.
 2. Дорожный ящик, шкатулка или подставка для провизии, напитков или свечей.
 3. Подставка для укрепления горящей лучины или свечи.
 4. Посуда для питья с крышкой.
 5. Действие поставки или доставки чего-либо по договору.
 6. Организация или обеспечение чем-либо, особенно царской семьи.
 7. Наладить или организовать производство или процесс.
 8. Обучить или подготовить кого-либо к выполнению задачи.
 9. Выполнить или осуществить что-либо.
 10. Установить, назначить или определить что-либо.
 11. Предложить или представить что-либо для обсуждения или принятия решения.
 12. Выразить свое мнение или решение прямо и решительно."
кудесник,"1. КУДЕСНИК, -а; м. Трад.-поэт. Волшебник, колдун, волхв. * Скажи мне, кудесник, любимец богов, Что сбудется в жизни со мною? (Пушкин). Кудесница, -ы; ж.","1. Волшебник; тот, кто делает что-либо сверхъестественное
  2. Переносное значение: выдающийся мастер","1. Устаревшее слово, кудесник","1. Устаревшее слово, курьовник","Кудесник — это человек, обладающий волшебными способностями или чудотворец.","1. Волшебник, способный на необычные действия, или мастер, достигший высокого уровня в своём деле.","1. Волшебник, обладающий необычными умениями, или мастер высшего уровня.","1. Волшебник, обладающий способностью совершать чудеса и сверхъестественные действия.
 2. Выдающийся мастер, обладающий исключительными навыками и талантом."
горница,"1. ГОРНИЦА, -ы; ж.
  2. Устар. Комната (первоначально в верхнем этаже).
  3. Чистая половина крестьянской избы. Дом состоял из двух половин - кухни с русской печью и просторной горницы. Горенка, -и; мн. род. -нок; ж. Уменьш.","1. Историческое: комната наверху, на верхнем этаже
  2. Чистая половина крестьянской избы
  3. Комната в крестьянском доме","1. Устаревшее слово, горница","1. Жаргонное слово, небольшое расстояние между горами, расположенная по краю водоёма 2. Жаргонная речь или т. п. 3. В переносном значении, горная, беспорядочная, обдуманная ситуация, конфликт","Горница — чистая, устроенная комната в крестьянском доме.","1. Комната на верхнем этаже в старину.
 2. Чистая часть крестьянской избы.
 3. Комната в крестьянском доме.","1. Комната на верхнем этаже в старину.
 2. Чистая часть крестьянской избы.
 3. Комната в крестьянском доме.","1. Устаревшее слово для комнаты наверху или верхнем этаже дома.
 2. Чистая половина крестьянской избы.
 3. Комната в крестьянском доме."
алкать,"1. АЛКАТЬ, алчу, алчешь и -каю, -каешь; алчущий и алкающий; нсв.
  2. Устар. Чувствовать голод.
  3. Высок. Сильно, страстно желать чего-л. * Волненьем жизни утомлённый, Я сердцем алчу отдохнуть (Пушкин). Сердце моё алчет правды (М. Горький).","1. Устаревшее: чувствовать голод
  2. Переносное значение: страстно желать чего-либо, испытывать непреодолимое стремление к чему-либо",1. Алкогольничать,"1. Поддавать алканию, не совсем рассчитать на что-либо","Алкать — испытывать сильное желание, потребность в чём-либо.","1. Чувствовать сильное желание поесть, испытывать голод.",1. Чувствовать сильный голод.,"1. Устаревшее слово, выражающее чувство голода.
 2. Устаревшее слово, сильное, непреодолимое стремление или желание чего-либо."
фискалить,"1. ФИСКАЛИТЬ, -лю, -лишь; нсв. Разг. Доносить, ябедничать, быть фискалом (1 зн.). Ф. начальству. Ф. на товарищей по классу. Фискальство, -а; ср.","1. Просторечное: быть фискалом, заниматься фискальством; доносить, ябедничать",1. Заниматься фискалом,"1. Сделать филизерным; запечатывать для выделения из чего-либо (на поверхности) 2. Избавлять от неприятностей, раздражения или раздражения 3. Делать резким стягиванием, растяганием","Фискалить — ябедничать, доносить на кого-либо.","1. Просторечное: вести себя как фискал, заниматься доносительством.","1. Просторечное: вести себя как фискал, заниматься доносительством.","1. Доносить, ябедничать, сообщать о действиях других с целью наказать или наказывать.
 2. Заниматься фискальством, быть фискалом (официальным лицом, контролирующим и сообщающим о нарушениях)."
мирволить,"1. МИРВОЛИТЬ, -лю, -лишь; нсв. кому. Устар. Давать поблажку, потакать. М. детям.","1. Устаревшее: попустительствовать в чём-либо, давать поблажку, потакать","1. Устаревшее слово, поступать по-мировому",1. Сделать мировой житель; уничтожать,"Мирволить — потакать, попустительствовать кому-либо, чему-либо.","1. Устаревшее: позволять что-то, делать поблажки, потакать.","1. Устаревшее: позволять что-то, делать поблажки, потакать (попустительствовать).","1. Устаревшее слово, означающее попустительствовать, давать поблажку, потакать."
фрондировать,"1. ФРОНДИРОВАТЬ, -рую, -руешь; нсв. Выражать недовольство кем-, чем-л. из духа противоречия. Фрондирование, -я; ср.","1. Книжное: заниматься фрондёрством, выражать недовольство существующим из духа противоречия, лишь на словах",1. Производить фрондирование,"1. Учитывать значение фразы, текста 2. Подвергнуть фрондировке","Фрондировать — выражать недовольство кем-либо или чем-либо, протестовать, быть в оппозиции.","1. Заниматься фрондёрством, выражать несогласие, но не всегда искренне.","1. Заниматься фрондёрством, выражать несогласие, не всегда искренне.","1. Выражать недовольство или несогласие с чем-либо из-за внутреннего противоречия, не предпринимая конкретных действий для изменения ситуации.
 2. Заниматься фрондёрством, выражая протест только словно, без фактического участия."
давешний,"1. ДАВЕШНИЙ, -яя, -ее. Нар.-разг.
  2. Имевший место некоторое время тому назад; недавний. Д-ее происшествие. Вспомнить д. разговор. В давешнюю встречу. Исправить давешнюю ошибку. Давешней весной (прошлой).
  3. Тот же самый, что был, встретился и т.п. недавно. Да это же наш д. сосед! Опять д-ие дружки?","1. Просторечное: происходивший, случившийся недавно
  2. Просторечное: тот же самый, что был, встретился, упоминался недавно",1. Относящийся к давнему прошлому,"1. Устаревшее слово, древнеримский 2. В переносном значении, по отношению к чему-либо, не являющийся свойственным давешью","Давешний — это устаревшее прилагательное, которое означает «существующий или бывший недавно, незадолго до настоящего момента».",1. Просторечное: произошедший совсем недавно.,1. Просторечное: недавно случившийся.,"1. Происходивший или случившийся недавно.
 2. Тот же самый, что был упомянут или встречен недавно."
вящий,"1. ВЯЩИЙ, -ая, -ее. Книжн. Более сильный, больший (в некоторых сочетаниях). Для вящей убедительности. Для вящего сходства. К вящему сожалению, удивлению. К вящей радости.","1. Книжное: более сильный, больший
  2. Книжное: старейший, богатейший, знатнейший","1. Устаревшее слово,","1. Устаревшее слово, вести, устремляющий внимание кого-либо; воющий 2. Устаревшая фраза (на одной из главных фраз)",Вящий — прил. устар. превосх. ст. к вящий.,"1. Книжное: более значительный, сильный, больший.","1. Книжное: более значительный, сильный, больший.","1. Устаревшее слово, означающее ""более сильный, больший""; используется для обозначения превосходства в силе, размере или значении.
 2. Старейший, наиболее опытный (в определённой области)."
голень,"1. ГОЛЕНЬ, -и; ж. Часть ноги (у животных - задней конечности) от колена до стопы.",1. Часть ноги от колена до стопы,"1. Уменьшительно-ласкательное к слову ""голень""","1. Уменьшительно-ласкательное к слову ""голь""",Голень — часть ноги от колена до пятки.,"1. Часть ноги, расположенная между коленом и ступней.","1. Часть ноги, находящаяся между коленом и ступней.","1. Часть ноги от колена до стопы (у людей и некоторых животных).
 2. Небольшая пресноводная рыба из семейства вьюновых или лососевых."
злополучный,"1. ЗЛОПОЛУЧНЫЙ, -ая, -ое; -чен, -чна, -чно. Несчастный, незадачливый, полный бедствий и неудач. З. день. З. охотник. // Послуживший причиной неприятности, недоразумения. З-ое письмо, из-за которого мы рассорились. Злополучность, -и; ж. З. положения. З. поступков.","1. Преисполненный бедствий и неудач
  2. Невезучий, несчастливый
  3. Послуживший причиной неприятности, недоразумения
  4. Связанный в памяти, в представлении с какими-либо неудачными, несчастливыми обстоятельствами","1. Испытывающий беду, несчастье; несчастный, несчастливый","1. Устаревшее слово, наказанный злобу","Злополучный — приносящий неудачу, несчастье.","1. Преисполненный бед и неудач, несчастливый.
 2. Невезучий, подверженный неудачам.
 3. Причинивший неприятности, вызвавший недоразумения.
 4. Связанный с воспоминаниями о неудачах и бедствиях.","1. Формат файла APK, используемый для распространения и установки приложений на устройствах Android.","1. Преисполненный бедствий и неудач.
 2. Невезучий, несчастливый.
 3. Причиняющий неприятности или недоразумения.
 4. Связанный с негативными, печальными воспоминаниями."
восстание,"1. ВОССТАНИЕ, -я; ср. Массовое вооружённое выступление угнетённых слоёв общества против существующей власти. Поднять в. Крестьянские восстания. В. рабов в Риме.","1. Вооружённое выступление каких-либо социальных групп или классов против существующей политической власти
  2. Разговорное: резкое выступление против кого-либо или чего-либо, выражение протеста, негодования","1. Устаревшее слово, восстание","1. Устаревшее слово, , востание 2. Устаревшая дума, фраза",Восстание — это организованное вооружённое выступление каких-либо социальных групп или классов против политической власти.,"1. Вооружённое выступление против власти, организованное социальными группами или классами.","1. Вооружённое выступление против власти, организованное социальными группами.","1. Массовое вооружённое выступление граждан против существующей политической власти, выражающее протест или стремление к переменам.
 2. Резкое и решительное выражение несогласия, негодования, часто сопровождающееся массовыми действиями или протестами."
кошка,"1. КОШКА, -и; мн. род. -шек, дат. -шкам; ж.
  2. Домашнее животное с повадками хищника, истребляющее мышей и крыс; самка кота. Ласковая к. Пушистая к. Полосатая к. Сибирская, персидская, сиамская к. Завести кошку в доме. К. мурлыкает. Глаза как у кошки у кого-л. (очень зоркие). Как угорелая к. бегать, метаться (в исступлении, бессмысленно). * Ночью все кошки серы (Посл.). Знает кошка, чьё мясо съела (о том, что виноват и сознаёт свою вину перед кем-л.; погов.). Кошки-мышки (детская игра, в которой один из участников - кошка - должен поймать другого - мышку, а все остальные, образовав круг, мешают этому). Играть в кошки-мышки (также: неодобр.; намеренно скрываться, уклоняться от кого-, чего-л.). // Разг. Мех этого животного. Воротник из кошки.
  3. Хищное млекопитающее семейства кошачьих (лев, тигр, барс и др.).
  4. Спец. Приспособление в виде небольшого якоря с тремя и более лапами, применяемое для подъёма со дна затонувших предметов.
  5. обычно мн.: кошки, -шек. Спец. Приспособления разных типов в виде металлических зубьев, прикрепляемые к обуви для лазанья на столбы, по отвесным местам и т.п.
  6. мн.: кошки, -шек. Ременная плеть с несколькими концами, употреблявшаяся в старину для телесных наказаний. Драная кошка. Об очень худой, измождённой, жалкой на вид женщине. Как кошка с собакой жить. Постоянно ссориться, враждовать. Кошки скребут на душе (на сердце) (см. Скрести). Чёрная кошка пробежала (проскочила) между кем. Произошла размолвка, поссорились. Кошечка, -и; ж. Уменьш.-ласк. (1 зн.). Кошачий (см.).
  7. КОШКА, -и; мн. род. -шек, дат. -шкам; ж. Нар.-разг. Песчаная или из мелкого камня отмель.","1. Домашнее животное, одно из наиболее популярных животных-компаньонов, небольшое хищное млекопитающее семейства кошачьих, истребляющее грызунов
  2. Название самки домашней кошки
  3. Название самки любого вида, относящегося к семейству кошачьих
  4. Устаревшее: кошачий мех; изделия из меха, шкурки животного
  5. Переносное значение: о людях, внешностью или поведением схожих с кошкой или
  6. Историческое: кошелёк","1. Уменьшительно-ласкательное к слову ""коша""","1. Род цветков, растений семейства мелких","Кошка — млекопитающее из семейства кошачьих, одно из наиболее популярных домашних животных.","1. Домашнее животное, одно из самых популярных компаньонов, небольшое хищное млекопитающее из семейства кошачьих, которое помогает контролировать грызунов.
 2. Самка домашней кошки.
 3. Самка любого вида кошачьих.
 4. Устаревшее: мех кошки; изделия из этого меха.
 5. Переносное значение: о людях, напоминающих кошку внешностью или поведением.
 6. Историческое: кошелёк (устаревшее название кошелька).","1. Домашнее животное, популярный компаньон, хищное млекопитающее из семейства кошачьих, контролирующее грызунов.
  2. Самка домашней кошки.
  3. Самка любого вида кошачьих.
  4. Мех кошки и изделия из него (устаревшее).
  5. Переносное значение: о людях, похожих на кошек.
  6. Историческое: кошелёк (устаревшее название).","1. Домашнее животное, представитель семейства кошачьих, известный своими охотничьими способностями и мягким мехом.
 2. Самка домашней кошки.
 3. Название любых самок кошачьих видов.
 4. Устаревшее слово для обозначения кошачьего меха и изделий из него.
 5. В переносном смысле может описывать людей с кошачьими чертами внешности или поведения.
 6. Кошелёк, изначально изготовленный из кошачьей кожи."
окулировать,"1. ОКУЛИРОВАТЬ, -рую, -руешь; св. и нсв. [от лат. oculus - глаз]. что. Сад. Привить - прививать на дикое растение глазок культурного растения. Окулироваться, -руется; страд. Окулирование, -я; ср. Окулировка, -и; ж.","1. Сделать прививку на диком растении глазком, т. е. посредством почки культурного растения",1. Окулировать,"1. Перевести или перенести куда-либо, обсуждая что-либо","Окулировать — это глагол, который означает пересадку части одного растения (глазка или щитка) на другое растение с целью их срастания и дальнейшего роста. В качестве существительного это слово не употребляется.","1. Сделать прививку на дикорастущем растении, используя глазок (почку) культурного растения.","Окулировать — 1. Сделать прививку на дикорастущем растении, используя почку культурного растения.",1. Прививать на дикое растение глазок культурного растения.
репрезентативный,"1. РЕПРЕЗЕНТАТИВНЫЙ, -ая, -ое; -вен, -вна, -вно. [от франц. representatif - показательный, типичный]. Дающий объективное представление о чём-л.; являющийся типичным представителем большого количества, совокупности чего-л. Р. опрос населения. Р-ые цифры результатов исследования. Репрезентативность, -и; ж.","1. Книжное: дающий объективное представление о чём-либо; являющийся типичным представителем большого количества, совокупности чего-либо; представительный",1. Относящийся к презентации,"1. Характеризующийся реорганизацией, развитием и приёмами","Репрезентативный — имеющий свойства, характерные для многих объектов группы, представляющий собой типичного представителя этой группы.",,1. Представляющий объективную картину и типичный для множества случаев.,"1. Дающий точное и полное представление о чем-либо; являющийся типичным или образцовым представителем группы, категории или явления.
 2. Представительный, характерный, иллюстрирующий основные черты чего-либо."
эндемичный,"1. ЭНДЕМИЧНЫЙ [дэ], -ая, -ое; -чен, -чна, -чно. Спец. =Эндемический.",1. Биологическое: свойственный определённой географической местности,"1. Устаревшее слово, относящийся к определённой группе организмов","1. Связанный с эндемизмом; приносящий отрицательное воздействие на тело, обусловленный негодованием.","Эндемичный — свойственный определённой местности, области.","1. Свойственный только для определённой местности, характерный для конкретного региона.",1. Свойственный только для конкретной местности.,"1. Свойственный определённой географической местности, характерный только для неё."
падла,"1. ПАДЛА, -ы; м. и ж. Грубо. Плохой, подлый человек.","1. Плохой, подлый человек; неприятная личность
  2. Употребляется как бранное слово
  3. Подлец, мерзавец, негодяй
  4. Ненадёжный, не заслуживающий доверия человек
  5. Осведомитель, доносчик; предатель
  6. Милиционер, конвоир, охранник и т. д
  7. Проститутка
  8. Жаргонное: опустившаяся женщина; блядь","1. Устаревшее слово, падаль","1. Слабый, некрасивый и наклонный животный","Падла — это грубое, оскорбительное слово, которым называют человека, вызывающего неприязнь, отвращение.","1. Плохой, подлый человек, неприятная личность.
 2. Слово, используемое в грубой форме.
 3. Недостойный человек, негодяй.
 4. Неприятный, ненадёжный человек.
 5. Тот, кто доносит или предаёт.
 6. Охранник, конвоир.
 7. Проститутка (в жаргонном значении).
 8. Жаргонное обозначение женщины, ведущей беспорядочный образ жизни.","1. Плохой человек, подлый и неприятный.
 2. Слово, употребляемое в грубой речи.
 3. Негодяй, недостойный.
 4. Неприятный, ненадежный.
 5. Тот, кто предает или доносит.
 6. Охранник, конвоир.
 7. Проститутка (в жаргонном смысле).
 8. Женщина с дурной репутацией (жаргон).","1. Плохой, подлый человек, употребляемый как бранное слово; 2. подлец, мерзавец, негодяй; 3. ненадёжный, не заслуживающий доверия человек, жаргонное выражение; 4. осведомитель, доносчик, предатель; 5. проститутка (жаргонное выражение); 6. опустившаяся женщина, жаргонное слово."
туфта,"1. ТУФТА, -ы; ж.
  2. Жарг. Мошенничество, подделка (первоначально - игра в карты без денег).
  3. Разг.-сниж. Недоброкачественная работа.
  4. Разг.-сниж. Пустая болтовня, вранье, вздор. Туфту нести.","1. Жаргонное: ложь, неправда; также лживость
  2. Жаргонное: подделка, несостоятельная имитация правды",1. Туфли,"1. Уменьшительно-ласкательное к слову ""туфта""","Туфта — это нечто, не представляющее ценности; ерунда, вздор.","1. Жаргонное: ложь, неправда; также лживость
 2. Жаргонное: подделка, фальшивка, неискренность","1. Жаргонное: ложь, неправда; также лживость.
 2. Жаргонное: подделка, фальшивка, неискренность.","1. Жаргонное выражение, означающее ложь или неправду; лживость.
 2. Подделка, имитация правды, не имеющая под собой реальной основы.
 3. Недоброкачественная, несостоятельная работа или речь."
расслабон,"1. РАССЛАБОН, -а; м. Разг.-сниж. =Расслабуха. Находиться в расслабоне.",1. Жаргонное: состояние удовлетворённой расслабленности,1. Расслабленный человек,1. Обозначающий отсутствие расслабления,"Расслабон — состояние релаксации, умиротворённости и беззаботности.","1. Состояние, когда человек чувствует себя спокойно и удовлетворённо, в расслабленной атмосфере.",1. Состояние расслабленности и удовлетворенности.,"1. Жаргонное слово, обозначающее состояние глубокого расслабления и удовлетворённости.
 2. Синоним слова ""расслабуха""."
прессовать,"1. ПРЕССОВАТЬ, -сую, -суешь; прессованный; -ван, -а, -о; нсв. что. Подвергать давлению, сжатию, обработке прессом. П. древесину. П. хлопок. Прессоваться, -суется; страд. Прессование, -я; ср. П. хлопка. П. торфа. Прессовка, -и; ж. П. бумаги. П. грампластинок.","1. Специальное: подвергать давлению под прессом
  2. Переносное значение: оказывать давление",1. Подвергать прессованию,1. Прессовать (внутренние) предметы в каком-либо количестве,"Прессовать — сжимать, сдавливать что-либо с целью уплотнения, изменения формы, получения брикетов, таблеток и т. п.","1. Подвергать чему-либо давлению с помощью пресса.
 2. Оказывать давление, воздействие.","1. Применять давление с помощью пресса.
 2. Оказывать давление, воздействие.","1. Подвергать чему-либо давлению, сжатию, например, с помощью пресса.
 2. Оказывать давление, особенно психологическое или моральное."
заманчивый,"1. ЗАМАНЧИВЫЙ, -ая, -ое; -чив, -а, -о. Привлекательный, соблазнительный; обещающий что-л. приятное. З-ое предложение. З. вид. Заманчиво, нареч. Заманчивость, -и; ж.","1. Обещающий что-либо приятное; соблазнительный, привлекательный","1. Устаревшее слово, склонный к заманчивости","1. Устаревшее слово, заимствованный","Заманчивый — привлекательный, соблазнительный.","1. Обещающий что-то приятное, привлекательный и соблазнительный.","1. Обещающий приятное, привлекательный и соблазнительный.","1. Привлекательный, соблазнительный; обещающий что-то приятное.
 2. Вещь или ситуация, которая кажется очень привлекательной или соблазнительной, но может быть сложной или опасной."
воскресение,"1. ВОСКРЕСЕНИЕ, -я; ср. к Воскреснуть. В. из мёртвых. Светлое воскресение Христово. =Пасха.","1. Переносное значение: восстановление
  2. Переносное значение: внутреннее духовное обновление, возрождение","1. Устаревшее слово,",1. Воскресение; воскресения,"Воскресение — возвращение к жизни, выход из мёртвого состояния.","1. Возвращение к жизни, восстановление.
 2. Внутреннее обновление, духовное возрождение.","1. Возвращение к жизни, восстановление.
 2. Внутреннее обновление, духовное возрождение.","1. В переносном значении – восстановление чего-либо.
 2. В религиозном контексте – духовное возрождение или возрождение жизни, часто ассоциируемое с Пасхой."
превосходить,1. ПРЕВОСХОДИТЬ см. Превзойти.,"1. Быть, оказываться больше, сильнее кого-либо, чего-либо по количеству, размерам, силе и т. п","1. Устаревшее слово, превосходить","1. Перемещаться, наклоняться вперед","Превосходить — быть лучше кого-либо или чего-либо, обладать более выдающимися качествами или показателями.","1. Быть или оказываться выше, сильнее кого-то или чего-то по количеству, размерам или силе.","1. Быть или оказываться выше, сильнее кого-то или чего-то по количеству, размерам или силе.","1. Быть больше, сильнее или превосходнее по каким-либо качествам или характеристикам по сравнению с чем-либо или кем-либо."
примета,"1. ПРИМЕТА, -ы; ж.
  2. Отличительный признак, по которому можно узнать кого-, что-л. Особая п. Памятная п. Неуловимые приметы. Запоминающаяся п. П. времени.
  3. По суеверным представлениям: признак, предвещающий что-л. Верить в приметы. Дурная п. Старая п. П. сбылась. Посуда бьётся - хорошая п. Есть п.: рассыпать соль - к ссоре.
  4. обычно мн.: приметы, -мет. Сохраняющиеся в народе и передаваемые из поколения в поколение различные признаки, указывающие на предстоящие явления погоды. Предсказывать погоду по приметам. Верная п. Приметы осени. Знать приметы. На примете иметь (держать); на примету взять кого-что. Разг. Заметить, принять во внимание, в расчёт на будущее. Иметь на примете грибные места. Взять на примету молодого человека. На примете, в функц. сказ. Разг. О том, на кого (что) рассчитывают, кто (что) имеется в виду. Есть на примете хорошая девушка. Есть на примете неплохая дача. Есть на примете знающий специалист. По всем приметам, в зн. вводн. словосоч. =По-видимому. Он принадлежал, по всем приметам, к аристократическому роду. Приметный (см.).","1. Отличительный признак, по которому можно узнать кого-, что-либо
  2. В суеверных представлениях: признак, предвещающий что-либо
  3. Сохраняющиеся в народе и передаваемые из поколения в поколение различные признаки, по которым крестьяне определяют, какая будет погода, какой будет урожай","1. Устаревшее слово, 2. Устаревшее слово, причина","1. Предмет примета; устройство, позволяющее осуществить прохождение или установление по определённой территории определённого периода","Примета — это признак, по которому можно определить что-либо, предвестие какого-либо события.","1. Признак, по которому можно узнать что-либо или кого-либо.
 2. В народных верованиях: знак, предвещающий события.
 3. Вековые наблюдения и приметы, передающиеся из поколения в поколение, помогающие предсказывать погоду и урожай.","1. Признак, указывающий на что-либо.
 2. В народных поверьях: знак, предвещающий события.
 3. Народные наблюдения и приметы, помогающие предсказывать погоду и урожай.","1. Отличительный признак, по которому можно идентифицировать или предсказать что-либо.
 2. Сохраняющиеся в народе традиции и знания, передаваемые из поколения в поколение, которые используются для прогнозирования погоды или урожая.
 3. Заметка, учет каких-либо особенностей или признаков, имеющих значение для будущего."
оборачиваться,"1. ОБОРАЧИВАТЬСЯ, -аюсь, -аешься; нсв.
  2. к Оборотить и Оборотиться.
  3. к Обернуться.","1. Поворачивать голову или туловище в какую-либо сторону; поворачиваться
  2. Переносное значение: неожиданно принимать иную направленность; изменяться, превращаться
  3. Переносное значение: принимать во внимание, учитывать, действовать с оглядкой, оглядываться
  4. Поворачиваться в другую сторону; повёртываться
  5. Двигаться в иную или в обратную сторону
  6. Переносное значение: приобретать иной смысл
  7. Переносное значение: превращаться из одного существа или из одного предмета в другое существо или в другой предмет
  8. Делать оборот, проходить через оборот
  9. Завёртываться или закутываться во что-либо; обёртываться
  10. Наматываться вокруг чего-либо
  11. Разговорное: окружать что-либо, виться вокруг чего-либо
  12. Проделывать путь туда и обратно за определённый период времени
  13. Осуществлять всю необходимую работу; справляться, управляться с делами и с хозяйством
  14. Переворачиваться на другую сторону; перевёртываться","1. Обраскиваться вперёд или в разные стороны 2. В переносном значении, , резко, резко перемещаться вперёд или в разные стороны 3. В переносном значении, , резко менять направление, направление своего движения 4. В переносном значении, , резко изменяться, обостряться","1. Ошибаться, оплошиться 2. В переносном значении, , прекращать какое-либо дело 3. Совершать обрыв","Оборачиваться — поворачиваться, чтобы посмотреть назад, или изменять свой вид, форму, смысл и т. д.","1. Поворачивать голову или тело в какую-либо сторону; поворачиваться.
 2. Неожиданно менять направление или смысл; изменяться.
 3. Учитывать, принимать во внимание; действовать с осторожностью.
 4. Поворачиваться в противоположную сторону; поворачиваться.
 5. Двигаться в обратном или ином направлении.
 6. Приобретать иной смысл, значение.
 7. Превращаться в другое существо или предмет.
 8. Проходить через круговорот, оборот.
 9. Оборачиваться, заворачиваться в что-то.
 10. Обвиваться вокруг предмета.
 11. Обходить, окружать что-либо.
 12. Совершать круговой маршрут.
 13. Управляться с делами, справляться с обязанностями.
 14. Переворачиваться на другую сторону; менять положение.","1. Поворачивать голову или тело в сторону; поворачиваться.
  2. Неожиданно менять направление или смысл; изменяться.
  3. Учитывать, принимать во внимание; действовать с осторожностью.
  4. Поворачиваться в противоположную сторону; менять положение.
  5. Двигаться в обратном направлении.
  6. Приобретать иной смысл.
  7. Превращаться в другое.
  8. Проходить через круговорот.
  9. Заворачиваться, оборачиваться.
  10. Обвиваться вокруг.
  11. Обходить, окружать.
  12. Совершать круговой путь.
  13. Управляться с делами.
  14. Переворачиваться, менять положение.","1. Поворачивать голову, туловище или двигаться в сторону.
 2. Изменять направление или смысл (в переносном смысле).
 3. Учитывать, принимать во внимание.
 4. Превращаться (в переносном смысле, например, волшебством).
 5. Заворачиваться, окружать или виться вокруг чего-либо.
 6. Двигаться туда и обратно.
 7. Выполнять всю необходимую работу, справляться с делами."
равенство,"1. РАВЕНСТВО, -а; ср.
  2. Одинаковость, полное сходство (по величине, количеству, качеству, достоинству и т.п.). Р. прав. Р. сил. Р. отношений. Р. треугольников.
  3. Равное положение людей в обществе. Социальное р.
  4. Матем. Соотношение между величинами, показывающее, что эти величины взаимозаменяемы. К равенствам относятся уравнения и тождества. Знак равенства (знак в виде двух коротких параллельных линий ""="", который ставится между двумя одинаковыми по значению числами, выражениями и т.д.). Ставить знак равенства между кем-чем. Считать одинаковым, аналогичным, равным (1 зн.).","1. Одинаковость, полное сходство по каким-то признакам
  2. Равное положение людей в обществе, выражающееся в одинаковом отношении к средствам производства и в пользовании одинаковыми правами
  3. Соотношение между величинами, показывающее, что одна величина равна другой, а также формализованная запись такого соотношения","1. Устаревшее слово, равенство","1. Способность добиваться, достичь 2. В переносном значении, , власть 3. В перенос","Равенство — одинаковость, полное сходство по каким-либо признакам.","1. Одинаковость по каким-либо признакам.
 2. Равное положение людей в обществе, подразумевающее равные права и доступ к ресурсам.
 3. Соотношение, при котором одна величина равна другой, и запись этого соотношения.","1. Одинаковость по каким-либо свойствам.
  2. Равные права и возможности для всех в обществе.
  3. Соотношение, где величины равны, и запись этого равенства.","1. Одинаковость по каким-либо признакам.
 2. Равное положение людей в обществе, обеспечиваемое одинаковым отношением к средствам производства и равными правами.
 3. Соотношение, указывающее на равенство величин.
 4. Символ равенства (=), используемый в алгебре.
 5. Считать что-либо подобным или одинаковым."
стыдиться,"1. СТЫДИТЬСЯ, стыжусь, стыдишься; нсв. кого-чего и с инф.
  2. Испытывать чувство стыда. Мне нечего с.! С. этого надо. С. за приятеля. С. за опоздание. С. своего происхождения. С. родителей. С. перед друзьями.
  3. Не решаться на что-л. из чувства стыда; стесняться. С. попросить денег взаймы. С. показать свою необразованность.","1. Испытывать чувство стыда
  2. Не решаться сделать что-либо; стесняться","1. Чувствовать стыд, испытывать чувство стыда за что-либо","1. Стать стыдным, мрачным","Стыдиться — испытывать чувство неловкости, смущения или вины из-за своих действий, слов или качеств.","1. Испытывать чувство стыда, смущения.",1. Испытывать стыд и смущение.,"1. Испытывать чувство стыда.
 2. Не решаться сделать что-либо из-за чувства стыда; стесняться."
цензура,"1. ЦЕНЗУРА, -ы; ж. [лат. censura].
  2. Система государственного надзора за произведениями искусства, средствами массовой информации или личной корреспонденцией; учреждение, осуществляющее такой надзор. Военная ц. Ц. запретила выход сборника. // Предварительный контроль содержания информации, предназначенной для массового распространения, с целью недопущения распространения идей и сведений, признаваемых официальными властями нежелательными или вредными. Строгая ц. Подвергнуть цензуре. Снятие цензуры с театральных постановок.
  3. В Древнем Риме: должность цензора (1 зн.).","1. Историческое: в Древнем Риме — исполнение обязанностей цензора
  2. Система государственного надзора за печатью и средствами массовой информации для ограничения либо недопущения распространения идей и сведений, признаваемых властями нежелательными
  3. Контроль, надзор за соблюдением каких-либо запретов","1. Устаревшее слово, цензура","1. Нецензура; защита, защита","Цензура — контроль государственных или общественных органов за содержанием произведений печати, радио- и телепередач, театральных постановок и т. п. с целью недопущения распространения нежелательных сведений.","1. Историческое: выполнение обязанностей цензора в Древнем Риме
 2. Система государственного контроля за информацией, направленная на ограничение или запрет нежелательных идей и данных
 3. Надзор за соблюдением запретов и ограничений в содержании и распространении информации.","1. Выполнение обязанностей цензора в древности.
 2. Система государственного контроля за информацией, ограничивающая нежелательные материалы.
 3. Надзор за соблюдением запретов и регламентов в СМИ.","1. Система государственного контроля и надзора за печатными и аудиовизуальными материалами, а также личной корреспонденцией.
 2. Обязанности должностного лица, ответственного за проверку и утверждение произведений искусства, СМИ и другой информации.
 3. Мера, ограничивающая распространение определённого контента, признанного нежелательным властями."